"Player","DraftAge","season","mp_per_g","fg_per_g","fga_per_g","fg3_per_g","fg3a_per_g","fg2_per_g","fg2a_per_g","efg_pct","ft_per_g","fta_per_g","orb_per_g","drb_per_g","trb_per_g","ast_per_g","stl_per_g","blk_per_g","tov_per_g","pf_per_g","pts_per_g","mp","fg_per_mp","fga_per_mp","fg3_per_mp","fg3a_per_mp","fg2_per_mp","fg2a_per_mp","ft_per_mp","fta_per_mp","orb_per_mp","drb_per_mp","trb_per_mp","ast_per_mp","stl_per_mp","blk_per_mp","tov_per_mp","pf_per_mp","pts_per_mp","games","VORP","G","MP","draftYear","link"
"Rudy Gobert",20.0684931506849,"2010-11",13,2,4,0,0,2,4,0.5,2,2,2,3,5,0,1,0,1,3,6,13,5.5,11.1,0,0,5.5,11.1,5.5,5.5,5.5,8.3,13.8,0,2.8,0,2.8,8.3,16.6,1,8.9,224,5717,2013,"http://www.basketball-reference.com/players/g/goberru01.html"
"Rudy Gobert",20.0684931506849,"2011-12",13.7,1.9,2.6,0,0,1.9,2.6,0.743,0.3,0.8,1.3,2.5,3.8,0.1,0.3,1.3,0.9,1.7,4.1,397,5,6.7,0,0,5,6.7,0.9,2.1,3.5,6.5,10.1,0.4,0.9,3.4,2.3,4.4,10.9,29,8.9,224,5717,2013,"http://www.basketball-reference.com/players/g/goberru01.html"
"Rudy Gobert",20.0684931506849,"2012-13",21.4,3.2,4.4,0,0.1,3.2,4.3,0.725,1.8,2.5,1.9,3.1,5,0.4,0.7,1.8,1.4,2.1,8.1,643,5.3,7.3,0,0.2,5.3,7.2,3,4.3,3.2,5.3,8.5,0.6,1.1,3,2.3,3.5,13.6,30,8.9,224,5717,2013,"http://www.basketball-reference.com/players/g/goberru01.html"
"Jonas Valanciunas",19.0712328767123,"2010-11",15.4,3.1,4.3,0,0,3.1,4.3,0.708,1.5,1.7,1.8,4,5.8,0.2,0.2,0.7,1.4,3.1,7.7,231,7.2,10.1,0,0,7.2,10.1,3.6,4.1,4.2,9.4,13.6,0.5,0.5,1.6,3.3,7.2,17.9,15,3.1,315,8271,2011,"http://www.basketball-reference.com/players/v/valanjo01.html"
"Jonas Valanciunas",19.0712328767123,"2011-12",23.3,4,6.3,0,0,4,6.3,0.634,2.8,3.4,2.5,5.1,7.6,0.9,0.3,1.6,1.8,3.2,10.8,373,6.2,9.7,0,0,6.2,9.7,4.2,5.3,3.9,7.9,11.8,1.4,0.5,2.4,2.7,4.9,16.6,16,3.1,315,8271,2011,"http://www.basketball-reference.com/players/v/valanjo01.html"
"Nikola Mirotic",20.3012557077626,"2008-09",3,0.3,1,0,0.3,0.3,0.7,0.333,0,0,0,0,0,0,0,0,0.3,0.3,0.7,9,4,12,0,4,4,8,0,0,0,0,0,0,0,0,4,4,8,3,2.9,182,4090,2011,"http://www.basketball-reference.com/players/m/mirotni01.html"
"Nikola Mirotic",20.3012557077626,"2010-11",16.3,2.8,5.3,0.6,1.6,2.1,3.8,0.577,1.3,1.6,1.2,2.4,3.6,0.6,0.6,0.4,0.9,1.4,7.5,800,6.1,11.7,1.4,3.5,4.7,8.3,3,3.4,2.7,5.3,7.9,1.3,1.3,0.9,1.9,3.1,16.5,49,2.9,182,4090,2011,"http://www.basketball-reference.com/players/m/mirotni01.html"
"Nikola Mirotic",20.3012557077626,"2011-12",21.1,3.4,6.9,1,2.4,2.4,4.4,0.56,2.4,3,1.2,3.3,4.5,0.8,0.7,0.5,1,1.7,10.1,1057,5.7,11.7,1.6,4.1,4.1,7.6,4.1,5.2,2,5.7,7.6,1.4,1.2,0.8,1.7,2.9,17.2,50,2.9,182,4090,2011,"http://www.basketball-reference.com/players/m/mirotni01.html"
"Nikola Mirotic",20.3012557077626,"2012-13",24.1,4,8.2,1.1,2.8,3,5.4,0.556,2.9,3.5,1.7,3.6,5.4,0.9,0.8,0.8,1.4,1.9,12,1494,6,12.3,1.6,4.1,4.4,8.1,4.4,5.3,2.6,5.4,8,1.4,1.2,1.2,2.1,2.9,18,62,2.9,182,4090,2011,"http://www.basketball-reference.com/players/m/mirotni01.html"
"Nikola Mirotic",20.3012557077626,"2013-14",23.6,4.1,8,1.1,2.6,3,5.3,0.581,3.2,4,1.5,3.6,5.1,1.2,1.1,0.6,1,1.8,12.4,1508,6.2,12.2,1.6,4,4.6,8.1,4.9,6.1,2.2,5.5,7.7,1.8,1.6,1,1.6,2.8,19,64,2.9,182,4090,2011,"http://www.basketball-reference.com/players/m/mirotni01.html"
"Evan Fournier",19.4109589041096,"2010-11",14.4,2.4,5.4,0.3,1.6,2.1,3.8,0.478,1.3,1.5,0.8,1.3,2,0.7,0.7,0.1,0.8,2.2,6.4,417,6,13.6,0.9,4,5.2,9.6,3.2,3.8,1.9,3.2,5.1,1.6,1.6,0.3,2.1,5.4,16.1,29,2.1,283,7222,2012,"http://www.basketball-reference.com/players/f/fournev01.html"
"Evan Fournier",19.4109589041096,"2011-12",26,4.9,11.5,1.3,4.6,3.6,7,0.48,3,3.9,1.1,2.1,3.2,2.2,1.5,0.1,2.2,3.1,14,779,6.8,16,1.8,6.3,5,9.7,4.1,5.5,1.6,2.9,4.4,3.1,2.1,0.2,3,4.3,19.5,30,2.1,283,7222,2012,"http://www.basketball-reference.com/players/f/fournev01.html"
"Kristaps Porzingis",19.1698630136986,"2012-13",6.6,0.8,1.6,0.2,0.4,0.6,1.2,0.563,0.2,0.3,0.5,0.5,1,0.2,0.2,0.2,0.2,0.7,2,66,4.4,8.7,1.1,2.2,3.3,6.5,1.1,1.6,2.7,2.7,5.5,1.1,1.1,1.1,1.1,3.8,10.9,10,1.9,104,3159,2015,"http://www.basketball-reference.com/players/p/porzikr01.html"
"Kristaps Porzingis",19.1698630136986,"2013-14",14.9,2.8,6,0.5,1.5,2.3,4.5,0.518,0.5,0.9,1,1.8,2.8,0.3,0.6,0.9,0.8,2.6,6.7,477,6.9,14.4,1.2,3.6,5.7,10.8,1.3,2.1,2.4,4.2,6.6,0.8,1.4,2.3,2,6.3,16.2,32,1.9,104,3159,2015,"http://www.basketball-reference.com/players/p/porzikr01.html"
"Kristaps Porzingis",19.1698630136986,"2014-15",21.4,4.1,8.3,0.8,2.3,3.3,6,0.547,1.9,2.5,1.4,3.2,4.6,0.5,0.9,1,1.4,2.6,11,1072,7,14,1.4,3.9,5.5,10.1,3.2,4.2,2.3,5.4,7.7,0.9,1.5,1.7,2.4,4.4,18.5,50,1.9,104,3159,2015,"http://www.basketball-reference.com/players/p/porzikr01.html"
"Lucas Nogueira",20.1506849315068,"2011-12",7.8,1.3,1.8,0,0,1.3,1.8,0.714,0.5,1,0.8,1,1.8,0,0.5,0,0.5,1,3,31,5.8,8.1,0,0,5.8,8.1,2.3,4.6,3.5,4.6,8.1,0,2.3,0,2.3,4.6,13.9,4,1.4,62,773,2013,"http://www.basketball-reference.com/players/n/noguelu01.html"
"Lucas Nogueira",20.1506849315068,"2012-13",13.6,2.2,3.4,0,0,2.2,3.4,0.661,0.9,1.4,1.7,1.8,3.4,0.3,0.5,1.1,0.6,1.8,5.4,461,5.9,9,0,0,5.9,9,2.5,3.7,4.5,4.7,9.1,0.7,1.2,3,1.5,4.8,14.4,34,1.4,62,773,2013,"http://www.basketball-reference.com/players/n/noguelu01.html"
"Lucas Nogueira",20.1506849315068,"2013-14",16.6,2.5,3.6,0,0,2.5,3.6,0.703,1.2,1.7,1.9,2.2,4.1,0.5,0.7,1.6,0.7,2.2,6.2,298,5.4,7.7,0,0,5.4,7.7,2.5,3.7,4.2,4.7,8.9,1.1,1.4,3.4,1.6,4.8,13.4,18,1.4,62,773,2013,"http://www.basketball-reference.com/players/n/noguelu01.html"
"Clint Capela",20.0383561643836,"2012-13",8.3,1.1,2.2,0,0,1.1,2.2,0.5,0.5,0.9,1.4,1.4,2.8,0.2,0.4,0.4,0.3,1.1,2.7,158,4.8,9.6,0,0,4.8,9.6,2.1,4.1,6.2,6.2,12.3,0.7,1.6,1.8,1.4,4.8,11.6,19,1.2,117,2247,2014,"http://www.basketball-reference.com/players/c/capelca01.html"
"Clint Capela",20.0383561643836,"2013-14",21.2,4.5,6.6,0,0,4.5,6.5,0.679,1.3,2.4,2.5,4.7,7.1,1,0.6,1.5,1.5,2.2,10.2,849,7.5,11.1,0,0,7.5,11.1,2.2,4,4.2,7.9,12.1,1.7,1,2.6,2.6,3.8,17.3,40,1.2,117,2247,2014,"http://www.basketball-reference.com/players/c/capelca01.html"
"Jan Vesely",21.1041095890411,"2008-09",19.9,1.8,3.4,0.1,1.1,1.7,2.4,0.526,1.2,2.3,1.6,1.7,3.4,0.4,0.5,0.3,0.9,3.4,4.8,338,3.2,6.2,0.1,1.9,3.1,4.3,2.2,4.2,3,3.1,6.1,0.7,0.9,0.5,1.7,6.1,8.7,17,0.9,162,2455,2011,"http://www.basketball-reference.com/players/v/veselja01.html"
"Jan Vesely",21.1041095890411,"2009-10",24.8,3,5.5,0.5,1.4,2.5,4.1,0.6,1.8,2.9,1.5,3.4,4.9,1.4,0.7,0.5,1.4,4.2,8.4,546,4.4,7.9,0.8,2,3.6,5.9,2.6,4.2,2.2,4.9,7.1,2,1.1,0.7,2,6.1,12.1,22,0.9,162,2455,2011,"http://www.basketball-reference.com/players/v/veselja01.html"
"Jan Vesely",21.1041095890411,"2010-11",27,3.9,7.3,0.7,1.9,3.3,5.5,0.582,1.6,3.6,1.8,1.8,3.6,1.1,1.3,0.9,1.6,3,10.1,405,5.2,9.8,0.9,2.5,4.4,7.3,2.1,4.8,2.4,2.4,4.8,1.4,1.7,1.2,2.1,4,13.5,15,0.9,162,2455,2011,"http://www.basketball-reference.com/players/v/veselja01.html"
"Jan Vesely",21.1041095890411,"2014-15",21.9,4.7,7.4,0,0,4.7,7.4,0.633,1.8,3.7,2.3,3.1,5.4,0.8,0.8,1,1,3.2,11.2,634,7.7,12.2,0,0.1,7.7,12.2,3,6.1,3.8,5.1,8.9,1.3,1.3,1.6,1.6,5.3,18.5,29,0.9,162,2455,2011,"http://www.basketball-reference.com/players/v/veselja01.html"
"Jan Vesely",21.1041095890411,"2015-16",27.4,5,8,0.1,0.1,4.9,7.9,0.63,1.9,4.1,2.5,4.3,6.8,1.6,0.8,1,1.7,3.2,12,631,6.6,10.5,0.1,0.2,6.4,10.3,2.5,5.4,3.3,5.6,8.9,2.1,1.1,1.3,2.3,4.2,15.7,23,0.9,162,2455,2011,"http://www.basketball-reference.com/players/v/veselja01.html"
"Jan Vesely",21.1041095890411,"2016-17",24.5,4.3,7.5,0,0,4.3,7.5,0.566,2.9,4.9,1.6,3.1,4.7,1.3,1.1,0.4,1.8,2.9,11.4,368,6.3,11.1,0,0,6.3,11.1,4.2,7.1,2.3,4.6,6.9,1.9,1.7,0.6,2.6,4.2,16.7,15,0.9,162,2455,2011,"http://www.basketball-reference.com/players/v/veselja01.html"
"Jusuf Nurkic",19.227397260274,"2012-13",3.7,0.8,1.3,0.2,0.2,0.7,1.2,0.688,0,0.3,0,0.7,0.7,0,0.2,0.5,0.2,0.5,1.8,22,8.2,13.1,1.6,1.6,6.5,11.5,0,3.3,0,6.5,6.5,0,1.6,4.9,1.6,4.9,18,6,0.7,125,2260,2014,"http://www.basketball-reference.com/players/n/nurkiju01.html"
"Jusuf Nurkic",19.227397260274,"2013-14",15.4,3.2,5.5,0.1,0.1,3.1,5.3,0.591,2.4,3.4,1,2.3,3.3,0.6,0.7,1.3,2.3,3.5,8.9,231,7.5,12.8,0.2,0.3,7.3,12.5,5.6,7.9,2.3,5.5,7.8,1.4,1.6,3,5.3,8.1,20.7,15,0.7,125,2260,2014,"http://www.basketball-reference.com/players/n/nurkiju01.html"
"Nemanja Bjelica",22.0630136986301,"2008-09",13.9,1.3,3.5,0.7,1.5,0.7,2,0.476,1.5,1.9,0.8,0.9,1.8,0.7,0.1,0.3,2,2.6,4.8,167,3.4,9.1,1.7,3.9,1.7,5.2,3.9,5,2.2,2.4,4.5,1.7,0.2,0.9,5.2,6.7,12.5,12,0.7,93,1623,2010,"http://www.basketball-reference.com/players/b/bjeline01.html"
"Nemanja Bjelica",22.0630136986301,"2009-10",23.3,3.1,7.7,0.7,2.8,2.4,4.8,0.446,1.7,2.5,1.9,3.9,5.8,2,1,0.3,1.7,2.2,8.5,280,4.8,11.8,1,4.4,3.7,7.5,2.6,3.9,3,6,9,3.1,1.5,0.4,2.6,3.3,13.1,12,0.7,93,1623,2010,"http://www.basketball-reference.com/players/b/bjeline01.html"
"Nemanja Bjelica",22.0630136986301,"2010-11",10.5,1.1,2.3,0.4,1.1,0.7,1.2,0.569,0.3,0.4,0.5,1.4,1.9,0.5,0.3,0,0.5,2.1,2.9,366,3.7,7.9,1.5,3.8,2.3,4,0.9,1.5,1.6,4.9,6.5,1.8,1,0.1,1.6,7.3,9.8,35,0.7,93,1623,2010,"http://www.basketball-reference.com/players/b/bjeline01.html"
"Nemanja Bjelica",22.0630136986301,"2011-12",16.3,1.9,4.7,0.7,2.4,1.2,2.4,0.473,0.7,1,0.8,2.4,3.2,0.7,0.7,0.3,0.8,2.2,5.2,703,4.2,10.4,1.5,5.2,2.7,5.2,1.6,2.3,1.7,5.3,7,1.6,1.5,0.6,1.8,4.9,11.5,43,0.7,93,1623,2010,"http://www.basketball-reference.com/players/b/bjeline01.html"
"Nemanja Bjelica",22.0630136986301,"2012-13",23.8,3.8,8.2,1.6,4.4,2.2,3.8,0.553,0.9,1.3,1.8,3.6,5.4,1.2,0.9,0.3,1.2,2.9,10,1331,5.7,12.4,2.4,6.6,3.3,5.8,1.4,1.9,2.7,5.5,8.2,1.8,1.3,0.4,1.8,4.4,15.1,56,0.7,93,1623,2010,"http://www.basketball-reference.com/players/b/bjeline01.html"
"Nemanja Bjelica",22.0630136986301,"2013-14",25.1,3.8,7.9,1.5,3.7,2.2,4.2,0.571,1.4,1.6,1.3,4.9,6.1,2.2,1,0.4,1.4,2.6,10.4,602,5.4,11.4,2.2,5.3,3.2,6,2,2.3,1.8,7,8.8,3.2,1.5,0.6,2,3.8,15,24,0.7,93,1623,2010,"http://www.basketball-reference.com/players/b/bjeline01.html"
"Nemanja Bjelica",22.0630136986301,"2014-15",27.8,4.2,8.5,0.9,2.6,3.3,5.9,0.553,2.7,3.9,1.9,6.6,8.5,1.9,1.3,0.7,1.5,2.3,12.1,805,5.5,11,1.2,3.3,4.3,7.7,3.5,5.1,2.4,8.6,11,2.5,1.7,0.9,1.9,3,15.7,29,0.7,93,1623,2010,"http://www.basketball-reference.com/players/b/bjeline01.html"
"Davis Bertans",18.4494292237443,"2011-12",15.6,1.1,3.9,0.5,2.3,0.6,1.6,0.346,0.3,0.3,0.3,1.9,2.2,0.5,0.1,0.1,0.6,2,3,156,2.5,9,1.2,5.3,1.4,3.7,0.7,0.7,0.7,4.4,5.1,1.2,0.2,0.2,1.4,4.6,6.9,10,0.2,28,272,2011,"http://www.basketball-reference.com/players/b/bertada01.html"
"Davis Bertans",18.4494292237443,"2012-13",20,2,5.2,1.6,3.4,0.4,1.8,0.538,1,1.6,0.5,1.8,2.3,0.7,1.1,0.2,1.2,3,6.6,200,3.6,9.4,2.9,6.1,0.7,3.2,1.8,2.9,0.9,3.2,4.1,1.3,2,0.4,2.2,5.4,11.9,10,0.2,28,272,2011,"http://www.basketball-reference.com/players/b/bertada01.html"
"Davis Bertans",18.4494292237443,"2013-14",22,5,11.5,2.5,5.8,2.5,5.8,0.543,0,0,0.8,3,3.8,1.3,0.8,0.5,1.3,3.8,12.5,88,8.2,18.8,4.1,9.4,4.1,9.4,0,0,1.2,4.9,6.1,2,1.2,0.8,2,6.1,20.5,4,0.2,28,272,2011,"http://www.basketball-reference.com/players/b/bertada01.html"
"Davis Bertans",18.4494292237443,"2014-15",22,3.8,9.1,2.4,6.2,1.4,2.9,0.553,1.2,1.3,0.4,2.4,2.8,0.8,0.5,0.5,0.9,2.8,11.2,1033,6.3,14.9,3.9,10.2,2.3,4.7,1.9,2.2,0.7,3.9,4.6,1.4,0.9,0.8,1.5,4.5,18.4,47,0.2,28,272,2011,"http://www.basketball-reference.com/players/b/bertada01.html"
"Davis Bertans",18.4494292237443,"2015-16",22.7,2.7,5.8,2,4.3,0.7,1.5,0.634,1.2,1.4,0.6,2.1,2.7,1.1,0.5,0.6,1,3.1,8.6,682,4.3,9.2,3.2,6.9,1.1,2.4,2,2.2,1,3.3,4.2,1.7,0.7,0.9,1.5,5,13.7,30,0.2,28,272,2011,"http://www.basketball-reference.com/players/b/bertada01.html"
"Donatas Motiejunas",20.3041095890411,"2007-08",7,0.3,1.7,0,0.7,0.3,1,0.2,0.7,0.7,1.3,1.3,2.7,0,0,0,1,1,1.3,21,1.7,8.6,0,3.4,1.7,5.1,3.4,3.4,6.9,6.9,13.7,0,0,0,5.1,5.1,6.9,3,0.2,214,4074,2011,"http://www.basketball-reference.com/players/m/motiedo01.html"
"Donatas Motiejunas",20.3041095890411,"2009-10",19.9,3.3,6.1,0.3,0.8,2.9,5.3,0.562,2,3.1,1.9,2.3,4.2,0.6,1.3,0.2,1.8,2.7,8.8,795,5.9,11,0.6,1.4,5.3,9.6,3.5,5.5,3.4,4.1,7.5,1,2.3,0.3,3.2,4.9,15.9,40,0.2,214,4074,2011,"http://www.basketball-reference.com/players/m/motiedo01.html"
"Donatas Motiejunas",20.3041095890411,"2010-11",26.3,4.3,8.7,0.5,1.5,3.9,7.3,0.526,3.1,4.6,1.9,2.9,4.8,1,1.1,0.5,2.1,2.7,12.3,1210,6,11.9,0.7,2,5.3,9.9,4.3,6.2,2.6,4,6.6,1.3,1.5,0.7,2.8,3.7,16.8,46,0.2,214,4074,2011,"http://www.basketball-reference.com/players/m/motiedo01.html"
"Donatas Motiejunas",20.3041095890411,"2011-12",31.3,4.8,11,1.4,4.6,3.4,6.4,0.5,1.5,3.3,1.5,6.4,7.9,0.9,0.6,0.8,2.3,3,12.5,313,5.5,12.7,1.6,5.3,3.9,7.4,1.7,3.8,1.7,7.4,9.1,1,0.7,0.9,2.6,3.5,14.4,10,0.2,214,4074,2011,"http://www.basketball-reference.com/players/m/motiedo01.html"
"Furkan Aldemir",20.1890410958904,"2011-12",16.8,2.3,4.1,0,0,2.3,4.1,0.557,2.1,2.6,1.9,2.9,4.8,0.5,0.7,0.4,1.1,2.3,6.6,252,4.9,8.7,0,0,4.9,8.7,4.4,5.6,4,6.3,10.3,1,1.4,0.9,2.4,4.9,14.1,15,0.2,41,540,2012,"http://www.basketball-reference.com/players/a/aldemfu01.html"
"Furkan Aldemir",20.1890410958904,"2012-13",13.2,1.7,2.7,0,0,1.7,2.7,0.625,0.5,1,1.8,2.4,4.3,0.2,0.8,0.5,0.5,2,3.8,158,4.6,7.3,0,0,4.6,7.3,1.4,2.7,5,6.6,11.6,0.5,2.1,1.4,1.4,5.5,10.5,12,0.2,41,540,2012,"http://www.basketball-reference.com/players/a/aldemfu01.html"
"Furkan Aldemir",20.1890410958904,"2013-14",17.5,2.3,3.5,0,0,2.3,3.5,0.654,0.8,1.5,2.4,4,6.4,0.8,0.5,1,0.8,2.1,5.4,385,4.8,7.3,0,0,4.8,7.3,1.6,3.1,5,8.1,13.1,1.6,0.9,2,1.7,4.3,11.1,22,0.2,41,540,2012,"http://www.basketball-reference.com/players/a/aldemfu01.html"
"Furkan Aldemir",20.1890410958904,"2014-15",20.7,3,4,0,0,3,4,0.75,1.8,2.5,2.3,3.8,6.2,0.3,0.7,1.3,1,2.8,7.8,124,5.2,7,0,0,5.2,7,3.2,4.4,4.1,6.7,10.7,0.6,1.2,2.3,1.7,4.9,13.6,6,0.2,41,540,2012,"http://www.basketball-reference.com/players/a/aldemfu01.html"
"Furkan Aldemir",20.1890410958904,"2015-16",9.2,1.5,2.1,0,0,1.5,2.1,0.704,0.3,0.8,1.3,1.5,2.8,0.3,0.2,0.5,0.7,1.3,3.2,120,5.7,8.1,0,0,5.7,8.1,1.2,3,5.1,6,11.1,1.2,0.6,1.8,2.7,5.1,12.6,13,0.2,41,540,2012,"http://www.basketball-reference.com/players/a/aldemfu01.html"
"Furkan Aldemir",20.1890410958904,"2016-17",12.4,0.8,1.9,0,0,0.8,1.9,0.407,0.4,0.6,1.2,1.2,2.4,0.2,0.1,0.8,0.3,1.4,1.9,174,2.3,5.6,0,0,2.3,5.6,1,1.9,3.5,3.5,7,0.6,0.2,2.3,0.8,4.1,5.6,14,0.2,41,540,2012,"http://www.basketball-reference.com/players/a/aldemfu01.html"
"Juan Hernangomez",20.3260273972603,"2013-14",4.7,0.3,1,0.3,0.7,0,0.3,0.5,0,0,0.3,0.3,0.7,0,0.3,0.3,0,0,1,14,2.6,7.7,2.6,5.1,0,2.6,0,0,2.6,2.6,5.1,0,2.6,2.6,0,0,7.7,3,0.1,24,248,2016,"http://www.basketball-reference.com/players/h/hernaju01.html"
"Juan Hernangomez",20.3260273972603,"2014-15",10,0.9,2.1,0.2,0.7,0.7,1.4,0.442,0.5,0.7,1,1.2,2.2,0.3,0.3,0.3,0.4,0.9,2.4,280,3.1,7.7,0.6,2.6,2.4,5.1,1.8,2.4,3.5,4.4,7.8,1,0.9,1,1.4,3.1,8.6,28,0.1,24,248,2016,"http://www.basketball-reference.com/players/h/hernaju01.html"
"Juan Hernangomez",20.3260273972603,"2015-16",23.7,3.1,6.9,1,2.8,2.1,4.1,0.528,2.4,3.3,1.7,4,5.7,0.6,0.8,0.3,1.4,1.3,9.7,806,4.8,10.5,1.5,4.2,3.3,6.3,3.6,5,2.6,6.1,8.7,0.8,1.3,0.4,2.1,2,14.7,34,0.1,24,248,2016,"http://www.basketball-reference.com/players/h/hernaju01.html"
"Bismack Biyombo",18.241095890411,"2010-11",17.1,2.3,4.1,0,0,2.3,4.1,0.552,1.9,3.4,1.9,3.1,5.1,0.3,0.4,2.3,1.7,2,6.4,239,4.8,8.7,0,0,4.8,8.7,3.9,7.1,4.1,6.6,10.7,0.6,0.8,4.8,3.6,4.2,13.6,14,0,402,8694,2011,"http://www.basketball-reference.com/players/b/biyombi01.html"
"Georgios Papagiannis",18.0876712328767,"2011-12",3.7,0.3,0.8,0,0,0.3,0.8,0.4,0.2,0.2,0.3,0.8,1.2,0,0,0,0.5,0.3,0.8,22,3.3,8.2,0,0,3.3,8.2,1.6,1.6,3.3,8.2,11.5,0,0,0,4.9,3.3,8.2,6,0,2,9,2016,"http://www.basketball-reference.com/players/p/papagge01.html"
"Georgios Papagiannis",18.0876712328767,"2012-13",5,0,0,0,0,0,0,NA,0,0,0,0.5,0.5,0,0,0,0,0.5,0,10,0,0,0,0,0,0,0,0,0,3.6,3.6,0,0,0,0,3.6,0,2,0,2,9,2016,"http://www.basketball-reference.com/players/p/papagge01.html"
"Georgios Papagiannis",18.0876712328767,"2014-15",10.7,1.7,4,0,0,1.7,4,0.429,0,0,1.9,2.6,4.4,0,0.4,1,0.7,0.3,3.4,75,5.8,13.4,0,0,5.8,13.4,0,0,6.2,8.6,14.9,0,1.4,3.4,2.4,1,11.5,7,0,2,9,2016,"http://www.basketball-reference.com/players/p/papagge01.html"
"Georgios Papagiannis",18.0876712328767,"2015-16",9,2.1,3.3,0,0,2.1,3.3,0.63,0.6,0.9,0.8,1.3,2.2,0.4,0.2,0.6,0.5,1.1,4.8,270,8.4,13.3,0,0,8.4,13.3,2.3,3.5,3.3,5.3,8.7,1.5,0.7,2.4,2.1,4.4,19.1,30,0,2,9,2016,"http://www.basketball-reference.com/players/p/papagge01.html"
"Ognjen Kuzmic",22.0438356164384,"2011-12",0.5,0,0,0,0,0,0,NA,0,0,0,0,0,0,0,0,0,0,0,1,0,0,0,0,0,0,0,0,0,0,0,0,0,0,0,0,0,2,0,37,164,2012,"http://www.basketball-reference.com/players/k/kuzmiog01.html"
"Ognjen Kuzmic",22.0438356164384,"2012-13",18.2,3.1,5.8,0,0,3.1,5.8,0.54,0.9,1.3,2.2,3.4,5.6,0.5,0.6,0.7,1.1,2.6,7.1,510,6.1,11.4,0,0,6.1,11.4,1.8,2.5,4.4,6.8,11.2,1.1,1.3,1.4,2.3,5.2,14,28,0,37,164,2012,"http://www.basketball-reference.com/players/k/kuzmiog01.html"
"Ognjen Kuzmic",22.0438356164384,"2015-16",12.5,1.7,3.6,0,0,1.7,3.6,0.484,1.1,1.6,1.6,2.4,4,0.3,0.4,0.3,0.7,1.8,4.5,548,5,10.3,0,0,5,10.3,3.2,4.6,4.7,7,11.7,0.9,1.1,0.7,2,5.1,13.1,44,0,37,164,2012,"http://www.basketball-reference.com/players/k/kuzmiog01.html"
"Ognjen Kuzmic",22.0438356164384,"2016-17",22.5,3.7,6.7,0,0,3.7,6.7,0.56,2.1,3,3,5.1,8.1,1.1,1.1,0.5,1.9,1.6,9.6,337,6,10.7,0,0,6,10.7,3.4,4.8,4.8,8.2,13,1.7,1.7,0.9,3,2.6,15.4,15,0,37,164,2012,"http://www.basketball-reference.com/players/k/kuzmiog01.html"
"Pape Sy",22.1561643835616,"2007-08",4,0.4,1.2,0.2,0.2,0.2,1,0.417,0.2,0.4,0.4,0.2,0.6,0.2,0,0,0.2,0,1.2,20,3.6,10.8,1.8,1.8,1.8,9,1.8,3.6,3.6,1.8,5.4,1.8,0,0,1.8,0,10.8,5,0,3,21,2010,"http://www.basketball-reference.com/players/s/sypa01.html"
"Pape Sy",22.1561643835616,"2008-09",2,0,0,0,0,0,0,NA,0,2,0,0,0,0,0,0,0,0,0,2,0,0,0,0,0,0,0,36,0,0,0,0,0,0,0,0,0,1,0,3,21,2010,"http://www.basketball-reference.com/players/s/sypa01.html"
"Pape Sy",22.1561643835616,"2009-10",14.2,1.6,3.1,0.4,1,1.2,2.1,0.57,1.6,2.3,0.3,1.4,1.7,1.3,0.6,0.1,1.2,1.9,5.2,425,4,7.9,1,2.5,3,5.4,4.2,5.8,0.8,3.5,4.3,3.4,1.6,0.2,3,4.7,13.1,30,0,3,21,2010,"http://www.basketball-reference.com/players/s/sypa01.html"
"Pape Sy",22.1561643835616,"2011-12",18.2,2.6,6.3,1,2.7,1.6,3.6,0.488,2.5,3.4,0.5,2.2,2.7,1,0.5,0.1,1.3,1.6,8.6,582,5.1,12.4,1.9,5.3,3.2,7.1,4.9,6.7,1,4.3,5.3,2,1.1,0.2,2.5,3.1,16.9,32,0,3,21,2010,"http://www.basketball-reference.com/players/s/sypa01.html"
"Pape Sy",22.1561643835616,"2012-13",25.4,2.9,6.1,0.7,2.2,2.2,3.9,0.526,3.2,4.4,0.7,2.8,3.5,1.1,0.5,0.3,1.6,2.5,9.6,814,4.1,8.6,0.9,3.1,3.1,5.5,4.6,6.2,1,4,5,1.5,0.8,0.4,2.3,3.5,13.6,32,0,3,21,2010,"http://www.basketball-reference.com/players/s/sypa01.html"
"Pape Sy",22.1561643835616,"2013-14",21.6,2.7,6.2,0.7,2.2,2.1,4,0.494,1.6,2.1,0.6,1.6,2.2,1.6,0.5,0.2,1.1,1.8,7.7,865,4.5,10.3,1.1,3.7,3.5,6.6,2.7,3.4,1,2.7,3.7,2.7,0.7,0.2,1.7,2.9,12.8,40,0,3,21,2010,"http://www.basketball-reference.com/players/s/sypa01.html"
"Pape Sy",22.1561643835616,"2014-15",30.3,4.1,9.1,1.4,4.1,2.7,5,0.537,3.1,4,1.1,3.1,4.2,1.4,0.8,0,1.9,2.1,12.8,1029,4.9,10.8,1.7,4.9,3.2,5.9,3.7,4.8,1.3,3.7,5,1.7,0.9,0,2.3,2.5,15.3,34,0,3,21,2010,"http://www.basketball-reference.com/players/s/sypa01.html"
"Pape Sy",22.1561643835616,"2015-16",29.9,4.3,8.1,0.8,2.4,3.5,5.7,0.571,3,3.7,0.6,3.6,4.2,2.3,1.1,0.1,1.4,1.7,12.3,958,5.1,9.7,0.9,2.9,4.2,6.8,3.6,4.4,0.8,4.3,5,2.7,1.4,0.1,1.7,2,14.8,32,0,3,21,2010,"http://www.basketball-reference.com/players/s/sypa01.html"
"Pape Sy",22.1561643835616,"2016-17",19.5,1.7,3.7,0.2,0.7,1.5,2.9,0.5,2,2.6,0.3,2.8,3.1,0.8,0.3,0.1,1.1,1.7,5.7,293,3.2,6.8,0.4,1.4,2.8,5.4,3.7,4.8,0.6,5.2,5.8,1.5,0.5,0.2,2,3.2,10.4,15,0,3,21,2010,"http://www.basketball-reference.com/players/s/sypa01.html"
"Raul Neto",21.0356164383562,"2011-12",17.2,2.2,5,0.2,1,2,4.1,0.462,1.1,1.4,0.6,1.1,1.8,2,1.1,0,1.6,2.4,5.7,584,4.6,10.5,0.5,2,4.1,8.5,2.2,3,1.4,2.4,3.8,4.1,2.2,0,3.5,5,12,34,0,101,1652,2013,"http://www.basketball-reference.com/players/n/netora01.html"
"Raul Neto",21.0356164383562,"2012-13",24.5,3.1,6.7,0.7,1.7,2.4,5,0.511,1.7,2.1,0.4,1.9,2.4,2.9,1,0.1,1.8,2.5,8.5,834,4.5,9.8,1,2.5,3.5,7.3,2.5,3.1,0.6,2.8,3.5,4.3,1.5,0.1,2.6,3.7,12.5,34,0,101,1652,2013,"http://www.basketball-reference.com/players/n/netora01.html"
"Raul Neto",21.0356164383562,"2013-14",27.5,3.7,8.4,0.8,2.4,2.9,6,0.487,1.7,2.3,0.6,2.2,2.9,3.3,1.1,0.1,1.6,2.9,9.8,743,4.8,11,1.1,3.1,3.7,7.8,2.2,3,0.8,2.9,3.7,4.4,1.5,0.1,2.1,3.8,12.8,27,0,101,1652,2013,"http://www.basketball-reference.com/players/n/netora01.html"
"Raul Neto",21.0356164383562,"2014-15",22.4,3.3,7.8,0.4,2.1,2.9,5.6,0.456,1.8,2.7,0.5,1.6,2.1,3.9,1.2,0.1,2.7,2.8,8.9,760,5.4,12.5,0.7,3.5,4.6,9,2.9,4.4,0.8,2.6,3.4,6.3,2,0.2,4.4,4.5,14.4,34,0,101,1652,2013,"http://www.basketball-reference.com/players/n/netora01.html"
"Ryan Reid",23.413698630137,"2012-13",15.9,2.4,4,0,0,2.4,4,0.606,1.6,2.2,1.6,2.7,4.3,0.4,0.3,0.3,1.2,2.6,6.5,428,5.6,9.2,0,0.1,5.6,9.1,3.6,5,3.7,6.1,9.8,0.8,0.6,0.6,2.8,6,14.7,27,0,5,17,2010,"http://www.basketball-reference.com/players/r/reidry01.html"
"Ryan Reid",23.413698630137,"2013-14",20.2,3.2,5.4,0,0,3.2,5.4,0.582,0.8,1.3,1.4,1.9,3.3,0.4,0.7,0.2,1,2.6,7.2,586,5.7,9.7,0,0.1,5.7,9.6,1.5,2.3,2.5,3.4,5.8,0.7,1.3,0.4,1.7,4.6,12.8,29,0,5,17,2010,"http://www.basketball-reference.com/players/r/reidry01.html"
"Ryan Reid",23.413698630137,"2014-15",14.9,2.2,4.4,0,0.2,2.2,4.2,0.517,1,1.5,1.3,2.7,4,0.5,0.5,0.2,1.4,2.4,5.5,492,5.4,10.5,0.1,0.4,5.3,10.2,2.5,3.5,3.1,6.6,9.7,1.3,1.2,0.6,3.4,5.8,13.4,33,0,5,17,2010,"http://www.basketball-reference.com/players/r/reidry01.html"
"Walter Tavares",22.1945205479452,"2012-13",7.8,0.9,1.9,0,0,0.9,1.9,0.467,0.3,0.4,0.9,1.8,2.6,0.3,0.3,0.8,1.1,1.8,2,62,4.1,8.7,0,0,4.1,8.7,1.2,1.7,4.1,8.1,12.2,1.2,1.2,3.5,5.2,8.1,9.3,8,0,12,77,2014,"http://www.basketball-reference.com/players/t/tavarwa01.html"
"Walter Tavares",22.1945205479452,"2013-14",20.8,2.4,4.1,0,0,2.4,4.1,0.591,1.1,1.5,2.3,4.3,6.6,0.3,0.5,1.6,0.8,2.7,6,667,4.2,7.1,0,0.1,4.2,7.1,1.9,2.6,4,7.4,11.4,0.4,0.9,2.8,1.4,4.6,10.3,32,0,12,77,2014,"http://www.basketball-reference.com/players/t/tavarwa01.html"
"Walter Tavares",22.1945205479452,"2014-15",22.1,3.5,5.4,0,0,3.5,5.4,0.635,1.4,2.1,2.9,5.1,7.9,0.4,0.5,1.8,1.3,2.5,8.3,1260,5.6,8.9,0,0,5.6,8.9,2.3,3.5,4.7,8.3,12.9,0.6,0.9,3,2.1,4.1,13.5,57,0,12,77,2014,"http://www.basketball-reference.com/players/t/tavarwa01.html"
"Willy Hernangomez",21.013698630137,"2012-13",4,0.4,2,0,0,0.4,2,0.222,0.7,1.1,0.3,0.6,0.9,0,0.4,0.1,0.4,0.9,1.6,36,4,18,0,0,4,18,6,10,3,5,8,0,4,1,4,8,14,9,0,30,399,2015,"http://www.basketball-reference.com/players/h/hernawi01.html"
"Willy Hernangomez",21.013698630137,"2013-14",13.2,2.3,3.9,0,0,2.3,3.9,0.583,1.4,2.1,1.6,1.6,3.2,0.2,0.4,0.5,0.6,1.9,5.9,449,6.2,10.6,0,0.1,6.2,10.5,3.7,5.7,4.2,4.5,8.7,0.5,1.1,1.3,1.8,5.1,16,34,0,30,399,2015,"http://www.basketball-reference.com/players/h/hernawi01.html"
"Willy Hernangomez",21.013698630137,"2014-15",19.7,4,7.5,0,0.2,3.9,7.3,0.535,2.1,2.9,2.2,3.5,5.7,0.6,0.9,0.4,1.9,2.2,10.1,984,7.3,13.7,0.1,0.4,7.2,13.3,3.8,5.2,4.1,6.3,10.4,1.1,1.7,0.7,3.5,4,18.4,50,0,30,399,2015,"http://www.basketball-reference.com/players/h/hernawi01.html"
"Willy Hernangomez",21.013698630137,"2015-16",12.1,2.4,3.6,0,0,2.4,3.6,0.66,1,1.5,1.4,2.3,3.7,0.4,0.4,0.6,0.8,1.8,5.8,484,7.1,10.7,0,0,7.1,10.7,3,4.3,4,6.9,10.9,1.1,1.1,1.7,2.5,5.4,17.2,40,0,30,399,2015,"http://www.basketball-reference.com/players/h/hernawi01.html"
"Paul Zipser",22.2848173515982,"2013-14",7.6,1.2,3.2,0.2,0.6,1,2.6,0.406,1.6,1.6,0.4,0.6,1,0.6,0,0,0.4,1.4,4.2,38,5.7,15.2,0.9,2.8,4.7,12.3,7.6,7.6,1.9,2.8,4.7,2.8,0,0,1.9,6.6,19.9,5,-0.1,9,49,2016,"http://www.basketball-reference.com/players/z/zipsepa01.html"
"Paul Zipser",22.2848173515982,"2014-15",12,1.6,2.6,0.3,0.6,1.4,2,0.667,0.6,0.6,0.8,1.4,2.1,0.6,0.6,0.3,1,1.3,4.1,96,4.9,7.9,0.7,1.9,4.1,6,1.9,1.9,2.3,4.1,6.4,1.9,1.9,0.7,3,3.7,12.4,8,-0.1,9,49,2016,"http://www.basketball-reference.com/players/z/zipsepa01.html"
"Paul Zipser",22.2848173515982,"2015-16",17.9,2.4,4.9,0.7,1.9,1.7,3,0.567,1.2,1.2,0.9,2.7,3.6,1.3,0.4,0.7,1.1,2.2,6.7,357,4.8,9.8,1.4,3.7,3.4,6.1,2.3,2.4,1.8,5.4,7.3,2.5,0.7,1.3,2.1,4.3,13.4,20,-0.1,9,49,2016,"http://www.basketball-reference.com/players/z/zipsepa01.html"
"Tibor Pleiss",20.4219178082192,"2007-08",3.5,0,0.5,0,0.5,0,0,0,0,0,0,0,0,0,0,0,0,1,0,7,0,5.1,0,5.1,0,0,0,0,0,0,0,0,0,0,0,10.3,0,2,-0.1,12,82,2010,"http://www.basketball-reference.com/players/p/pleisti01.html"
"Tibor Pleiss",20.4219178082192,"2009-10",17.7,3.1,5.9,0,0,3.1,5.9,0.521,2.1,2.8,1.8,3.9,5.7,0.2,0.3,0.8,1,2.5,8.3,212,6.3,12.1,0,0,6.3,12.1,4.2,5.6,3.6,8,11.5,0.3,0.7,1.7,2,5.1,16.8,12,-0.1,12,82,2010,"http://www.basketball-reference.com/players/p/pleisti01.html"
"Tibor Pleiss",20.4219178082192,"2010-11",19.1,2.4,5.8,0.4,0.9,2,4.9,0.448,1.5,1.9,1,5.3,6.3,0.9,0.1,1.5,1.2,3.5,6.7,191,4.5,10.9,0.8,1.7,3.8,9.2,2.8,3.6,1.9,10,11.9,1.7,0.2,2.8,2.3,6.6,12.6,10,-0.1,12,82,2010,"http://www.basketball-reference.com/players/p/pleisti01.html"
"Tibor Pleiss",20.4219178082192,"2011-12",18.6,2.5,5,0,0.1,2.5,4.9,0.5,1.5,2.2,2.2,3.2,5.4,0.4,0,0.8,0.8,2.7,6.5,186,4.8,9.7,0,0.2,4.8,9.5,2.9,4.3,4.3,6.2,10.5,0.8,0,1.5,1.5,5.2,12.6,10,-0.1,12,82,2010,"http://www.basketball-reference.com/players/p/pleisti01.html"
"Tibor Pleiss",20.4219178082192,"2012-13",15.4,2.3,4,0,0.1,2.3,3.9,0.589,1,1.3,1.8,2.8,4.6,0.3,0.3,0.7,1,2.4,5.7,863,5.5,9.3,0.1,0.3,5.4,9.1,2.4,3,4.1,6.5,10.6,0.6,0.6,1.6,2.3,5.6,13.4,56,-0.1,12,82,2010,"http://www.basketball-reference.com/players/p/pleisti01.html"
"Tibor Pleiss",20.4219178082192,"2013-14",21.7,4.8,8.3,0,0,4.8,8.3,0.583,2.9,3.5,2.1,4.1,6.1,0.5,0.8,1.1,1.8,2.8,12.5,1217,8,13.7,0,0,8,13.7,4.8,5.8,3.4,6.7,10.1,0.9,1.4,1.8,3,4.7,20.7,56,-0.1,12,82,2010,"http://www.basketball-reference.com/players/p/pleisti01.html"
"Tibor Pleiss",20.4219178082192,"2014-15",13.8,2.3,3.7,0,0.1,2.3,3.6,0.628,1.2,1.4,1.2,2.9,4.1,0.3,0.3,0.6,0.9,2.1,5.9,800,6,9.7,0.1,0.2,5.9,9.5,3.2,3.7,3.1,7.5,10.6,0.8,0.7,1.5,2.4,5.6,15.3,58,-0.1,12,82,2010,"http://www.basketball-reference.com/players/p/pleisti01.html"
"Tibor Pleiss",20.4219178082192,"2016-17",13.8,2.5,4.8,0.2,0.2,2.4,4.5,0.548,1.2,1.7,1.9,2.7,4.6,0.2,0.2,1.2,0.7,2,6.5,179,6.6,12.5,0.4,0.6,6.2,11.9,3.2,4.4,5,7,12.1,0.4,0.4,3,1.8,5.2,16.9,13,-0.1,12,82,2010,"http://www.basketball-reference.com/players/p/pleisti01.html"
"Alex Abrines",19.1671232876712,"2011-12",15.2,1.4,4.1,0.6,2.5,0.8,1.5,0.423,0.8,1.1,0.4,1.1,1.5,0.5,0.5,0.3,0.9,1.9,4.2,365,3.4,9.7,1.5,6,1.9,3.6,1.8,2.6,0.9,2.7,3.6,1.1,1.2,0.6,2.1,4.5,10,24,-0.2,29,405,2013,"http://www.basketball-reference.com/players/a/abrinal01.html"
"Alex Abrines",19.1671232876712,"2012-13",11,1.4,3.4,0.6,2,0.8,1.4,0.503,0.6,0.8,0.2,0.8,1,0.2,0.3,0.2,0.6,1.3,4,497,4.6,11,2,6.4,2.6,4.6,2.1,2.6,0.7,2.7,3.4,0.8,1.1,0.6,1.9,4.2,13.2,45,-0.2,29,405,2013,"http://www.basketball-reference.com/players/a/abrinal01.html"
"Alex Abrines",19.1671232876712,"2013-14",18.1,2.6,5.6,1.4,3.3,1.2,2.3,0.59,0.9,1.1,0.5,1.1,1.5,0.8,0.5,0.3,0.6,1.9,7.5,1070,5.1,11,2.7,6.5,2.4,4.5,1.9,2.3,1,2.1,3.1,1.5,1,0.5,1.2,3.7,14.9,59,-0.2,29,405,2013,"http://www.basketball-reference.com/players/a/abrinal01.html"
"Alex Abrines",19.1671232876712,"2014-15",18.7,2.9,6.2,1.7,4,1.2,2.2,0.597,1.1,1.3,0.5,1.3,1.7,1.2,0.7,0.2,0.6,2,8.5,933,5.5,11.9,3.2,7.6,2.3,4.3,2.2,2.5,0.9,2.4,3.3,2.4,1.4,0.5,1.2,3.8,16.4,50,-0.2,29,405,2013,"http://www.basketball-reference.com/players/a/abrinal01.html"
"Alex Abrines",19.1671232876712,"2015-16",19.6,3.1,6.3,1.7,4,1.4,2.4,0.627,1.6,1.9,0.6,1.6,2.2,1.1,0.7,0.2,0.6,1.8,9.6,1020,5.7,11.6,3.2,7.3,2.5,4.3,3,3.5,1.1,2.9,4,2,1.3,0.3,1.1,3.2,17.6,52,-0.2,29,405,2013,"http://www.basketball-reference.com/players/a/abrinal01.html"
"Damien Inglis",19.0328767123288,"2013-14",15.3,1.7,3.4,0.4,1.1,1.2,2.2,0.56,0.8,1.1,0.7,2.9,3.6,1,0.6,0.1,1.2,1.2,4.6,412,3.9,8,1,2.7,2.9,5.2,1.8,2.5,1.6,6.8,8.4,2.4,1.4,0.3,2.8,2.8,10.7,27,-0.2,20,156,2014,"http://www.basketball-reference.com/players/i/inglida01.html"
"Dragan Bender",18.4631278538813,"2015-16",8.6,0.6,2.6,0.2,1.2,0.4,1.4,0.269,0.1,0.2,0.3,0.9,1.2,0.4,0.2,0.5,0.4,1.1,1.5,86,2.5,10.9,0.8,5,1.7,5.9,0.4,0.8,1.3,3.8,5,1.7,0.8,2.1,1.7,4.6,6.3,10,-0.2,29,358,2016,"http://www.basketball-reference.com/players/b/bendedr01.html"
"Joffrey Lauvergne",21.3315068493151,"2009-10",9.9,0.9,2.5,0.2,0.6,0.7,1.9,0.378,0.7,1.1,0.6,1.5,2,0.3,0.2,0.1,0.9,1.7,2.5,198,3.1,8.9,0.5,2.2,2.5,6.7,2.4,3.8,2,5.3,7.3,0.9,0.7,0.2,3.3,6,9.1,20,-0.2,114,1753,2013,"http://www.basketball-reference.com/players/l/lauvejo01.html"
"Joffrey Lauvergne",21.3315068493151,"2010-11",14.8,2.2,5,0.2,1.1,2,4,0.462,1.1,1.7,0.9,2.6,3.5,0.7,0.5,0.5,0.9,1.9,5.8,430,5.4,12.2,0.6,2.6,4.8,9.6,2.7,4.1,2.3,6.3,8.5,1.6,1.3,1.2,2.1,4.7,14,29,-0.2,114,1753,2013,"http://www.basketball-reference.com/players/l/lauvejo01.html"
"Joffrey Lauvergne",21.3315068493151,"2011-12",14.8,2.6,5.2,0.3,1.2,2.3,3.9,0.526,0.7,1.1,1.5,2.6,4.1,0.5,0.7,0.3,1.3,1.8,6.2,443,6.3,12.6,0.7,3,5.5,9.6,1.8,2.6,3.7,6.3,10.1,1.3,1.6,0.7,3.1,4.5,15,30,-0.2,114,1753,2013,"http://www.basketball-reference.com/players/l/lauvejo01.html"
"Joffrey Lauvergne",21.3315068493151,"2012-13",14.7,2.4,4.7,0.4,0.8,2,3.9,0.551,1.4,2,1.2,2.5,3.8,0.5,0.2,0.2,1,2.3,6.6,308,5.8,11.5,0.9,2,4.9,9.5,3.5,4.8,3,6.2,9.2,1.3,0.6,0.5,2.3,5.6,16.1,21,-0.2,114,1753,2013,"http://www.basketball-reference.com/players/l/lauvejo01.html"
"Joffrey Lauvergne",21.3315068493151,"2013-14",32.3,4.2,8.2,0.3,1.5,3.9,6.8,0.533,2.3,3.2,2.9,5.7,8.6,1,0.6,0.3,1.9,2.1,11,775,4.7,9.2,0.4,1.6,4.3,7.5,2.6,3.6,3.3,6.3,9.6,1.1,0.7,0.3,2.1,2.3,12.3,24,-0.2,114,1753,2013,"http://www.basketball-reference.com/players/l/lauvejo01.html"
"Joffrey Lauvergne",21.3315068493151,"2014-15",18.1,2.8,6.3,0.3,1,2.5,5.3,0.476,1.9,2.7,1.7,2.8,4.5,1.1,0.5,0.6,1.5,2.1,7.9,235,5.7,12.6,0.6,2,5.1,10.6,3.8,5.4,3.4,5.7,9,2.1,0.9,1.2,3.1,4.1,15.8,13,-0.2,114,1753,2013,"http://www.basketball-reference.com/players/l/lauvejo01.html"
"Kostas Papanikolaou",21.1643835616438,"2008-09",4.1,0.1,0.6,0,0.4,0.1,0.2,0.111,0.3,0.3,0.1,0.1,0.2,0.2,0.4,0.1,0.3,0.3,0.4,57,0.6,5.7,0,3.8,0.6,1.9,2.5,2.5,0.6,1.3,1.9,1.9,3.2,1.3,2.5,2.5,3.8,14,-0.2,69,1089,2012,"http://www.basketball-reference.com/players/p/papanko01.html"
"Kostas Papanikolaou",21.1643835616438,"2009-10",9.3,0.8,2,0.2,1,0.6,1,0.456,0.4,0.6,0.4,0.9,1.3,0.7,0.5,0.3,0.6,1.1,2.2,213,3,7.6,0.8,3.7,2.2,3.9,1.5,2.2,1.7,3.5,5.2,2.9,2,1.2,2.4,4.4,8.5,23,-0.2,69,1089,2012,"http://www.basketball-reference.com/players/p/papanko01.html"
"Kostas Papanikolaou",21.1643835616438,"2010-11",16,2,3.9,0.4,1.4,1.6,2.5,0.567,0.9,1.4,1.1,2.6,3.7,0.6,0.8,0.2,0.7,2.1,5.4,608,4.5,8.8,1,3.1,3.5,5.7,2.1,3.1,2.5,5.8,8.3,1.2,1.9,0.4,1.5,4.6,12.1,38,-0.2,69,1089,2012,"http://www.basketball-reference.com/players/p/papanko01.html"
"Kostas Papanikolaou",21.1643835616438,"2011-12",20.1,2.5,4.8,0.6,1.8,1.9,3,0.579,1.3,2,1.2,2.8,4,0.7,0.7,0.4,0.6,1.7,6.8,904,4.4,8.6,1.1,3.1,3.3,5.4,2.3,3.5,2.1,5,7.1,1.2,1.2,0.7,1,3,12.3,45,-0.2,69,1089,2012,"http://www.basketball-reference.com/players/p/papanko01.html"
"Kostas Papanikolaou",21.1643835616438,"2012-13",22.9,3.3,6,1.4,2.8,1.9,3.2,0.654,1.1,1.7,1.1,3.1,4.2,1.6,1,0.6,0.9,1.8,9,1304,5.1,9.5,2.2,4.4,3,5.1,1.8,2.7,1.7,4.9,6.6,2.6,1.5,1,1.5,2.9,14.2,57,-0.2,69,1089,2012,"http://www.basketball-reference.com/players/p/papanko01.html"
"Kostas Papanikolaou",21.1643835616438,"2013-14",24.6,2.7,5.7,0.8,2.3,1.9,3.5,0.543,0.6,0.9,0.8,3.1,3.9,1.8,0.8,0.4,1.4,1.8,6.8,1405,4,8.4,1.2,3.3,2.8,5,0.8,1.4,1.2,4.5,5.7,2.6,1.2,0.6,2,2.7,9.9,57,-0.2,69,1089,2012,"http://www.basketball-reference.com/players/p/papanko01.html"
"Kostas Papanikolaou",21.1643835616438,"2015-16",20.2,3.3,6.5,0.8,2.8,2.5,3.8,0.568,1.4,2.1,1.4,3.1,4.5,1.4,1.1,0.2,0.8,2.6,8.8,344,5.9,11.6,1.5,4.9,4.4,6.7,2.4,3.8,2.4,5.5,8,2.5,2,0.4,1.4,4.6,15.6,17,-0.2,69,1089,2012,"http://www.basketball-reference.com/players/p/papanko01.html"
"Kostas Papanikolaou",21.1643835616438,"2016-17",20,2.6,5.9,0.7,2.6,1.9,3.4,0.5,1.7,1.9,1.3,3,4.3,1.4,1,0.3,1.1,2.2,7.6,541,4.7,10.6,1.3,4.6,3.3,6.1,3,3.5,2.3,5.4,7.7,2.5,1.8,0.6,2,3.9,13.6,27,-0.2,69,1089,2012,"http://www.basketball-reference.com/players/p/papanko01.html"
"Timothe Luwawu",21.0630136986301,"2013-14",5.8,0.5,2,0,0.5,0.5,1.5,0.25,0.5,0.5,0.3,0.5,0.8,0.8,0.3,0,0.8,2.3,1.5,23,3.1,12.5,0,3.1,3.1,9.4,3.1,3.1,1.6,3.1,4.7,4.7,1.6,0,4.7,14.1,9.4,4,-0.2,21,170,2016,"http://www.basketball-reference.com/players/l/luwawti01.html"
"Nemanja Nedovic",21.041095890411,"2008-09",5,1,3,0.5,0.5,0.5,2.5,0.417,0.5,1,0.5,0.5,1,0,0,0,0,0.5,3,10,7.2,21.6,3.6,3.6,3.6,18,3.6,7.2,3.6,3.6,7.2,0,0,0,0,3.6,21.6,2,-0.3,24,142,2013,"http://www.basketball-reference.com/players/n/nedovne01.html"
"Nemanja Nedovic",21.041095890411,"2009-10",3.2,0.2,0.4,0,0.2,0.2,0.2,0.5,0.2,0.4,0.2,0.2,0.4,0.2,0.2,0,0.4,0.8,0.6,16,2.3,4.5,0,2.3,2.3,2.3,2.3,4.5,2.3,2.3,4.5,2.3,2.3,0,4.5,9,6.8,5,-0.3,24,142,2013,"http://www.basketball-reference.com/players/n/nedovne01.html"
"Nemanja Nedovic",21.041095890411,"2012-13",23.2,3.6,9.8,1.2,3.5,2.4,6.3,0.429,1.4,2,0.7,1.8,2.5,2.1,0.8,0.2,2.5,1.9,9.8,232,5.6,15.2,1.9,5.4,3.7,9.8,2.2,3.1,1.1,2.8,3.9,3.3,1.2,0.3,3.9,2.9,15.2,10,-0.3,24,142,2013,"http://www.basketball-reference.com/players/n/nedovne01.html"
"Nemanja Nedovic",21.041095890411,"2014-15",16.2,2.6,6.2,1,2.8,1.6,3.5,0.504,1.5,1.9,0.2,1.1,1.3,2.5,0.7,0.1,1.4,2,7.7,632,5.9,13.8,2.2,6.2,3.6,7.7,3.2,4.3,0.5,2.4,2.9,5.6,1.7,0.3,3.2,4.4,17.2,39,-0.3,24,142,2013,"http://www.basketball-reference.com/players/n/nedovne01.html"
"Nemanja Nedovic",21.041095890411,"2015-16",16.8,3.1,7.4,1.3,3.9,1.8,3.5,0.5,1.9,2.4,0.1,0.9,1,2.3,0.6,0.1,1.5,2,9.3,940,6.5,15.9,2.8,8.4,3.8,7.5,4.2,5.2,0.3,1.9,2.2,5,1.2,0.2,3.1,4.3,20,56,-0.3,24,142,2013,"http://www.basketball-reference.com/players/n/nedovne01.html"
"Nemanja Nedovic",21.041095890411,"2016-17",20,4.3,8.8,1.2,4.2,3.1,4.6,0.557,1.5,1.9,0.3,1.5,1.8,3.4,0.5,0,1.8,1.1,11.3,200,7.7,15.8,2.2,7.6,5.6,8.3,2.7,3.4,0.5,2.7,3.2,6.1,0.9,0,3.2,2,20.3,10,-0.3,24,142,2013,"http://www.basketball-reference.com/players/n/nedovne01.html"
"Sergey Karasev",19.4027397260274,"2012-13",32.2,5.2,11.7,2.3,4.6,2.9,7.1,0.539,3.5,4.2,0.5,2.5,3,2.4,0.5,0.4,1.4,2.9,16.1,354,5.8,13.1,2.5,5.2,3.3,7.9,3.9,4.7,0.6,2.7,3.4,2.6,0.5,0.4,1.5,3.3,18,11,-0.3,95,1110,2013,"http://www.basketball-reference.com/players/k/karasse01.html"
"Sergey Karasev",19.4027397260274,"2016-17",22.3,3,7.7,0.7,3.7,2.3,4,0.435,2.7,3.7,0,2.3,2.3,2.3,0.3,0.3,3.7,2,9.3,67,4.8,12.4,1.1,5.9,3.8,6.4,4.3,5.9,0,3.8,3.8,3.8,0.5,0.5,5.9,3.2,15,3,-0.3,95,1110,2013,"http://www.basketball-reference.com/players/k/karasse01.html"
"Tomas Satoransky",20.413698630137,"2009-10",7.4,0.9,1.8,0.1,0.4,0.8,1.4,0.52,0.6,0.7,0.3,0.4,0.7,0.9,0.3,0,0.9,0.6,2.4,201,4.3,8.8,0.5,2,3.8,6.8,2.7,3.4,1.4,2,3.4,4.3,1.6,0,4.3,2.9,11.8,27,-0.3,23,339,2012,"http://www.basketball-reference.com/players/s/satorto01.html"
"Tomas Satoransky",20.413698630137,"2010-11",21.8,2.4,5.3,1,2.4,1.4,2.9,0.551,1.2,1.6,0.7,1.7,2.4,2.7,1,0.2,1.9,2.4,7,1088,4,8.7,1.6,3.9,2.4,4.8,2,2.6,1.2,2.8,4,4.5,1.7,0.3,3.1,4,11.6,50,-0.3,23,339,2012,"http://www.basketball-reference.com/players/s/satorto01.html"
"Tomas Satoransky",20.413698630137,"2011-12",17.3,1.8,4.1,0.4,1.3,1.4,2.8,0.471,0.9,1.3,0.6,1.6,2.2,1.4,0.6,0,1.4,2.1,4.8,589,3.7,8.6,0.7,2.7,2.9,5.9,1.9,2.7,1.3,3.3,4.6,2.9,1.2,0.1,2.9,4.5,10,34,-0.3,23,339,2012,"http://www.basketball-reference.com/players/s/satorto01.html"
"Tomas Satoransky",20.413698630137,"2012-13",28.8,4.4,9.5,0.7,2.1,3.7,7.4,0.499,2.4,3.1,1,2.4,3.3,4.4,1.1,0.2,3.3,2.8,11.8,1298,5.5,11.8,0.9,2.6,4.6,9.2,3,3.8,1.2,2.9,4.2,5.5,1.4,0.2,4.2,3.5,14.8,45,-0.3,23,339,2012,"http://www.basketball-reference.com/players/s/satorto01.html"
"Tomas Satoransky",20.413698630137,"2013-14",30.9,4.7,9.9,0.9,2.3,3.8,7.5,0.518,2.2,2.7,0.9,2.9,3.7,4.6,1.5,0.1,2.5,2.1,12.4,1049,5.5,11.5,1,2.7,4.5,8.8,2.5,3.1,1,3.4,4.4,5.4,1.8,0.1,2.9,2.4,14.4,34,-0.3,23,339,2012,"http://www.basketball-reference.com/players/s/satorto01.html"
"Tomas Satoransky",20.413698630137,"2014-15",19.6,2.7,5,0.7,1.7,1.9,3.4,0.601,1.5,1.8,0.6,2.3,2.9,3.1,0.8,0.2,1,2,7.6,1138,4.9,9.2,1.3,3,3.5,6.2,2.8,3.3,1.1,4.2,5.4,5.6,1.5,0.3,1.9,3.6,13.9,58,-0.3,23,339,2012,"http://www.basketball-reference.com/players/s/satorto01.html"
"Tomas Satoransky",20.413698630137,"2015-16",24.3,3.5,6.7,0.9,2.3,2.6,4.4,0.59,1.7,2.2,0.4,2.5,2.9,4.2,1,0.2,1.6,1.8,9.6,1506,5.2,9.9,1.3,3.4,3.9,6.6,2.5,3.2,0.6,3.7,4.3,6.3,1.4,0.3,2.3,2.7,14.2,62,-0.3,23,339,2012,"http://www.basketball-reference.com/players/s/satorto01.html"
"Tornike Shengelia",20.3452054794521,"2008-09",10.1,1.3,2.3,0,0.1,1.3,2.1,0.563,0.9,1,0.3,1.4,1.7,0.6,0.4,0.1,0.9,2,3.4,71,4.6,8.1,0,0.5,4.6,7.6,3,3.5,1,5.1,6.1,2,1.5,0.5,3,7.1,12.2,7,-0.3,45,247,2012,"http://www.basketball-reference.com/players/s/shengto01.html"
"Tornike Shengelia",20.3452054794521,"2009-10",10,1.3,3,0,1.3,1.3,1.7,0.444,0.3,0.7,1,0.7,1.7,0.3,1,0.3,1,0.7,3,30,4.8,10.8,0,4.8,4.8,6,1.2,2.4,3.6,2.4,6,1.2,3.6,1.2,3.6,2.4,10.8,3,-0.3,45,247,2012,"http://www.basketball-reference.com/players/s/shengto01.html"
"Tornike Shengelia",20.3452054794521,"2011-12",20.7,3.1,6.9,0.4,1.6,2.7,5.3,0.484,1.7,2.4,0.9,3.4,4.3,1,0.3,0.1,1.7,3.4,8.3,186,5.4,12,0.8,2.7,4.6,9.3,2.9,4.3,1.5,6,7.5,1.7,0.6,0.2,2.9,6,14.5,9,-0.3,45,247,2012,"http://www.basketball-reference.com/players/s/shengto01.html"
"Tornike Shengelia",20.3452054794521,"2014-15",21.3,3.2,7.3,0.5,1.5,2.8,5.8,0.476,2.8,3.4,1.5,2.9,4.4,0.9,0.5,0.5,1.4,2.3,9.7,1105,5.5,12.3,0.8,2.5,4.7,9.8,4.7,5.7,2.5,4.9,7.4,1.6,0.9,0.8,2.4,4,16.4,52,-0.3,45,247,2012,"http://www.basketball-reference.com/players/s/shengto01.html"
"Tornike Shengelia",20.3452054794521,"2015-16",20.8,4,7.2,0.7,1.8,3.3,5.5,0.599,2.1,3,1.3,3.1,4.5,1.1,0.8,0.7,2,1.9,10.8,436,6.9,12.6,1.2,3.1,5.8,9.5,3.7,5.2,2.3,5.4,7.8,1.9,1.4,1.2,3.5,3.3,18.7,21,-0.3,45,247,2012,"http://www.basketball-reference.com/players/s/shengto01.html"
"Tornike Shengelia",20.3452054794521,"2016-17",22.3,4.4,8.6,0.5,1.2,3.9,7.4,0.536,2.9,4,1.4,3.3,4.6,1.3,1,0.4,2.3,2.2,12.1,534,7.1,13.9,0.7,1.9,6.3,12,4.7,6.5,2.2,5.3,7.5,2.1,1.6,0.6,3.7,3.6,19.6,24,-0.3,45,247,2012,"http://www.basketball-reference.com/players/s/shengto01.html"
"Dario Saric",20.1479452054795,"2011-12",15,0.8,3.8,0.3,1.5,0.5,2.3,0.233,0.3,0.5,1.3,3.3,4.5,0.5,0.3,0.3,3,1.5,2,60,1.8,9,0.6,3.6,1.2,5.4,0.6,1.2,3,7.8,10.8,1.2,0.6,0.6,7.2,3.6,4.8,4,-0.4,33,795,2014,"http://www.basketball-reference.com/players/s/saricda01.html"
"Dario Saric",20.1479452054795,"2012-13",17,2,6,0,1,2,5,0.333,0,0,1,3,4,2,0,0,3,4,4,17,4.2,12.7,0,2.1,4.2,10.6,0,0,2.1,6.4,8.5,4.2,0,0,6.4,8.5,8.5,1,-0.4,33,795,2014,"http://www.basketball-reference.com/players/s/saricda01.html"
"Dario Saric",20.1479452054795,"2013-14",32.8,5,10.3,0.4,1.3,4.6,9,0.505,2.5,3.2,2.9,5.4,8.3,2.7,1,0.9,3.1,2.7,12.9,328,5.5,11.3,0.4,1.4,5,9.9,2.7,3.5,3.2,5.9,9.1,3,1.1,1,3.4,3,14.2,10,-0.4,33,795,2014,"http://www.basketball-reference.com/players/s/saricda01.html"
"Dario Saric",20.1479452054795,"2014-15",24.4,3.4,7.8,0.7,2.3,2.7,5.5,0.479,2.4,3.4,1.6,4.7,6.4,2.3,0.7,0.4,1.9,2,9.9,658,5,11.5,1,3.4,3.9,8.1,3.6,5,2.4,7,9.4,3.4,1.1,0.7,2.8,3,14.6,27,-0.4,33,795,2014,"http://www.basketball-reference.com/players/s/saricda01.html"
"Dario Saric",20.1479452054795,"2015-16",22.5,4.3,8.6,1.2,3,3.1,5.6,0.57,1.9,2,1.5,4.3,5.8,1.5,0.5,0.5,1.5,2.5,11.7,539,6.9,13.8,1.9,4.8,4.9,8.9,3.1,3.3,2.4,6.8,9.2,2.3,0.8,0.7,2.4,4.1,18.8,24,-0.4,33,795,2014,"http://www.basketball-reference.com/players/s/saricda01.html"
"Andrew Goudelock",22.5179223744292,"2013-14",27.8,6.8,15,2.3,5.7,4.5,9.3,0.531,2.9,3.3,0.3,1.8,2,3.1,0.8,0.1,1.8,2,18.8,667,8.8,19.4,3,7.4,5.8,12,3.7,4.3,0.3,2.3,2.6,4,1,0.1,2.3,2.6,24.3,24,-0.5,49,475,2011,"http://www.basketball-reference.com/players/g/goudean01.html"
"Andrew Goudelock",22.5179223744292,"2014-15",29.8,6.7,13,2.4,5.3,4.2,7.7,0.604,1.2,1.7,0.3,1.9,2.2,2.1,0.7,0.1,1.5,1.8,17,865,8,15.7,3,6.4,5.1,9.3,1.5,2,0.4,2.2,2.7,2.5,0.8,0.1,1.8,2.1,20.5,29,-0.5,49,475,2011,"http://www.basketball-reference.com/players/g/goudean01.html"
"Andrew Goudelock",22.5179223744292,"2016-17",29.5,5.8,12.1,2.3,4.7,3.5,7.4,0.58,2.6,2.8,0.3,2.4,2.7,3.5,0.2,0,1.9,1.8,16.6,384,7.1,14.7,2.8,5.7,4.3,9,3.2,3.4,0.4,2.9,3.3,4.3,0.3,0,2.3,2.3,20.3,13,-0.5,49,475,2011,"http://www.basketball-reference.com/players/g/goudean01.html"
"Mario Hezonja",20.262899543379,"2012-13",5.6,0.4,1.4,0,0,0.4,1.4,0.286,0.2,0.4,0.2,0.8,1,0,0.2,0,0.6,0.8,1,28,2.6,9,0,0,2.6,9,1.3,2.6,1.3,5.1,6.4,0,1.3,0,3.9,5.1,6.4,5,-0.6,104,1626,2015,"http://www.basketball-reference.com/players/h/hezonma01.html"
"Mario Hezonja",20.262899543379,"2013-14",9.7,1.4,3.1,0.5,1.4,0.9,1.7,0.534,0.6,0.6,0.1,1.5,1.6,0.8,0.2,0.1,0.5,1,3.8,329,5.1,11.4,1.9,5,3.3,6.3,2.1,2.4,0.4,5.5,5.9,2.8,0.9,0.5,2,3.7,14.2,34,-0.6,104,1626,2015,"http://www.basketball-reference.com/players/h/hezonma01.html"
"Mario Hezonja",20.262899543379,"2014-15",15.4,2.2,4.7,1.1,2.8,1.1,1.9,0.57,0.4,0.6,0.4,1.5,2,1.2,0.6,0.1,1.1,1.8,5.8,834,5.1,11.1,2.5,6.6,2.5,4.4,1,1.3,1,3.6,4.6,2.8,1.4,0.3,2.7,4.1,13.6,54,-0.6,104,1626,2015,"http://www.basketball-reference.com/players/h/hezonma01.html"
"Bojan Bogdanovic",22.1205479452055,"2007-08",2.3,0,0,0,0,0,0,NA,0,0,0,0,0,0.3,0,0,0,0.3,0,7,0,0,0,0,0,0,0,0,0,0,0,5.1,0,0,0,5.1,0,3,-0.9,190,4855,2011,"http://www.basketball-reference.com/players/b/bogdabo02.html"
"Bojan Bogdanovic",22.1205479452055,"2008-09",6.8,0.2,1.4,0.2,1.4,0,0,0.214,0.8,0.8,0.4,0.2,0.6,0,0.4,0,0.6,1.6,1.4,34,1.1,7.4,1.1,7.4,0,0,4.2,4.2,2.1,1.1,3.2,0,2.1,0,3.2,8.5,7.4,5,-0.9,190,4855,2011,"http://www.basketball-reference.com/players/b/bogdabo02.html"
"Bojan Bogdanovic",22.1205479452055,"2009-10",23.3,2.9,6.7,1.6,4.1,1.3,2.6,0.554,0.7,1.5,0.9,2,2.9,0.5,0.7,0.1,1.2,1.8,8.1,350,4.5,10.4,2.5,6.4,2.1,4,1,2.4,1.3,3.1,4.4,0.8,1.1,0.2,1.9,2.8,12.5,15,-0.9,190,4855,2011,"http://www.basketball-reference.com/players/b/bogdabo02.html"
"Bojan Bogdanovic",22.1205479452055,"2010-11",35.5,6.2,15.1,1.7,5.5,4.5,9.6,0.467,3.9,5.1,1.5,2,3.5,1.8,1.7,0.2,3.3,2.1,18,355,6.3,15.3,1.7,5.6,4.6,9.7,4,5.2,1.5,2,3.5,1.8,1.7,0.2,3.3,2.1,18.3,10,-0.9,190,4855,2011,"http://www.basketball-reference.com/players/b/bogdabo02.html"
"Bojan Bogdanovic",22.1205479452055,"2011-12",24.3,3.9,8.4,1.4,3.5,2.4,4.9,0.549,3.8,4.7,0.2,2,2.2,0.7,0.4,0.2,1.3,1.9,13,389,5.7,12.4,2.1,5.2,3.6,7.2,5.6,6.9,0.3,3,3.2,1,0.6,0.3,1.9,2.8,19.2,16,-0.9,190,4855,2011,"http://www.basketball-reference.com/players/b/bogdabo02.html"
"Bojan Bogdanovic",22.1205479452055,"2012-13",28.2,5.3,10.8,1.6,4,3.7,6.8,0.564,3.7,4.4,0.6,1.5,2.1,1.2,0.6,0.5,1,1.9,15.9,592,6.8,13.8,2.1,5.1,4.7,8.7,4.7,5.7,0.8,1.9,2.7,1.5,0.7,0.7,1.3,2.4,20.3,21,-0.9,190,4855,2011,"http://www.basketball-reference.com/players/b/bogdabo02.html"
"Bojan Bogdanovic",22.1205479452055,"2013-14",30.6,5.4,11.6,1.2,3.9,4.3,7.7,0.518,2.8,3.4,0.5,1.9,2.4,1.9,0.5,0.4,1.9,1.8,14.8,734,6.4,13.6,1.4,4.6,5,9,3.3,4,0.5,2.3,2.8,2.2,0.6,0.5,2.2,2.1,17.4,24,-0.9,190,4855,2011,"http://www.basketball-reference.com/players/b/bogdabo02.html"
"Enes Kanter",19.0328767123288,"2008-09",7.8,0.8,1.8,0,0,0.8,1.8,0.429,0.5,0.8,0.3,1.3,1.5,0,0.3,0,0.5,0.8,2,31,3.5,8.1,0,0,3.5,8.1,2.3,3.5,1.2,5.8,7,0,1.2,0,2.3,3.5,9.3,4,-1.4,409,8686,2011,"http://www.basketball-reference.com/players/k/kanteen01.html"
"Kevin Seraphin",20.5179223744292,"2007-08",7,0,0,0,0,0,0,NA,0,0,0,0,0,0,0,0,0,1,0,7,0,0,0,0,0,0,0,0,0,0,0,0,0,0,0,5.1,0,1,-2.9,393,6059,2010,"http://www.basketball-reference.com/players/s/serapke01.html"
"Kevin Seraphin",20.5179223744292,"2008-09",9.3,1.3,2.5,0,0,1.3,2.5,0.532,0.4,0.6,1.1,1.3,2.4,0.2,0.1,0.4,0.7,1.5,3,176,5.1,9.6,0,0,5.1,9.6,1.4,2.3,4.3,5.1,9.4,0.6,0.4,1.4,2.7,5.7,11.7,19,-2.9,393,6059,2010,"http://www.basketball-reference.com/players/s/serapke01.html"
"Kevin Seraphin",20.5179223744292,"2009-10",16.4,2.7,5.2,0,0,2.7,5.2,0.525,0.8,1.4,2,2.6,4.6,0.5,0.2,0.9,1.1,2,6.3,574,6,11.5,0,0,6,11.5,1.8,3.1,4.3,5.7,10,1.1,0.4,2,2.4,4.4,13.8,35,-2.9,393,6059,2010,"http://www.basketball-reference.com/players/s/serapke01.html"
"Kevin Seraphin",20.5179223744292,"2011-12",18.7,3.6,6.1,0,0,3.6,6.1,0.587,1,1.4,1.5,2.1,3.6,0.4,0.3,1.1,1.4,2.8,8.2,318,6.9,11.8,0,0,6.9,11.8,1.9,2.7,2.9,4.1,7,0.8,0.6,2.2,2.7,5.3,15.7,17,-2.9,393,6059,2010,"http://www.basketball-reference.com/players/s/serapke01.html"
"Adam Hanga",22.1369863013699,"2011-12",21.4,2.7,6.9,0.6,2.4,2.1,4.5,0.444,1.7,2.6,0.5,2.4,2.9,1.9,1.4,0.7,1.9,2.4,7.8,728,4.6,11.6,1.1,4.1,3.5,7.5,2.9,4.3,0.9,4,4.8,3.2,2.4,1.2,3.2,4.1,13.2,34,NA,NA,NA,2011,"http://www.basketball-reference.com/players/h/hangaad01.html"
"Adam Hanga",22.1369863013699,"2012-13",26,3.7,8.8,1.3,3.6,2.4,5.2,0.491,3,4.3,1.1,3.5,4.5,2.3,1.3,0.8,2,2.4,11.7,833,5.1,12.2,1.8,5,3.3,7.2,4.2,6,1.5,4.8,6.3,3.2,1.8,1.1,2.8,3.4,16.2,32,NA,NA,NA,2011,"http://www.basketball-reference.com/players/h/hangaad01.html"
"Adam Hanga",22.1369863013699,"2013-14",17.3,2.3,4.5,0.6,1.8,1.7,2.7,0.565,0.8,1.5,0.6,1.6,2.3,1.1,0.9,0.6,1.1,2.2,5.9,674,4.7,9.4,1.2,3.8,3.5,5.6,1.6,3.1,1.3,3.4,4.8,2.3,1.9,1.2,2.2,4.5,12.2,39,NA,NA,NA,2011,"http://www.basketball-reference.com/players/h/hangaad01.html"
"Adam Hanga",22.1369863013699,"2014-15",28,3.9,10,1,3.8,2.9,6.2,0.444,1.4,1.9,1.1,3.1,4.2,2.6,1.9,0.8,1.8,2.3,10.2,868,5.1,12.9,1.3,4.9,3.8,8,1.7,2.4,1.5,3.9,5.4,3.4,2.4,1,2.3,3,13.1,31,NA,NA,NA,2011,"http://www.basketball-reference.com/players/h/hangaad01.html"
"Adam Hanga",22.1369863013699,"2015-16",27,3.2,6.3,0.7,2.3,2.5,4,0.551,1.7,2.4,0.9,3.6,4.5,1.6,1.5,1,1.4,2.3,8.7,1619,4.2,8.4,0.9,3.1,3.3,5.3,2.3,3.2,1.2,4.8,6,2.2,2,1.3,1.8,3,11.6,60,NA,NA,NA,2011,"http://www.basketball-reference.com/players/h/hangaad01.html"
"Adam Hanga",22.1369863013699,"2016-17",29.4,3.7,8.5,1,3.4,2.7,5.1,0.493,1.7,2.6,0.8,3.7,4.5,2.3,1.3,0.8,1.2,2.3,10.1,795,4.5,10.4,1.2,4.2,3.3,6.2,2.1,3.2,1,4.5,5.5,2.9,1.6,1,1.5,2.9,12.4,27,NA,NA,NA,2011,"http://www.basketball-reference.com/players/h/hangaad01.html"
"Alessandro Gentile",21.4494292237443,"2009-10",10.6,1.4,3.3,0.6,1.8,0.8,1.5,0.519,0.3,0.5,0.4,1.1,1.5,0.5,0.5,0.1,0.8,2,3.7,254,4.8,11.2,2,6,2.8,5.2,1,1.6,1.3,3.8,5.1,1.8,1.7,0.3,2.7,6.7,12.6,24,NA,NA,NA,2014,"http://www.basketball-reference.com/players/g/gential01.html"
"Alessandro Gentile",21.4494292237443,"2010-11",20.3,2.7,6.2,1,3,1.7,3.2,0.505,1.7,2.3,0.6,2,2.5,1.1,1,0.2,1.8,2,8,895,4.7,11,1.7,5.3,3,5.7,3,4.1,1,3.5,4.5,2,1.9,0.3,3.2,3.5,14.1,44,NA,NA,NA,2014,"http://www.basketball-reference.com/players/g/gential01.html"
"Alessandro Gentile",21.4494292237443,"2011-12",22.2,3.1,7.8,0.9,3,2.2,4.8,0.456,1.9,2.5,1,3,3.9,1.3,0.7,0.3,2,2.7,9,978,5,12.6,1.5,4.9,3.5,7.7,3.1,4,1.5,4.8,6.3,2.1,1.2,0.5,3.3,4.3,14.6,44,NA,NA,NA,2014,"http://www.basketball-reference.com/players/g/gential01.html"
"Alessandro Gentile",21.4494292237443,"2012-13",20,3.7,8.3,0.7,2.5,2.9,5.8,0.485,1.9,2.5,0.8,2.2,3,1.9,0.8,0.3,2.3,2.1,10,639,6.6,14.9,1.3,4.5,5.3,10.4,3.5,4.6,1.4,4,5.4,3.4,1.5,0.6,4.2,3.8,18,32,NA,NA,NA,2014,"http://www.basketball-reference.com/players/g/gential01.html"
"Alessandro Gentile",21.4494292237443,"2013-14",24.5,4.2,9,0.9,2.6,3.3,6.5,0.512,2.1,2.9,0.7,2.4,3,2.7,0.8,0.2,2.2,2.5,11.3,1176,6.1,13.3,1.3,3.8,4.8,9.5,3,4.3,1,3.5,4.5,3.9,1.2,0.2,3.3,3.7,16.6,48,NA,NA,NA,2014,"http://www.basketball-reference.com/players/g/gential01.html"
"Alessandro Gentile",21.4494292237443,"2014-15",27.1,4.6,10,0.9,2.9,3.7,7.1,0.506,3,3.7,0.8,3.1,3.9,3,0.8,0.1,2.4,2.4,13.1,1273,6.1,13.3,1.2,3.9,4.9,9.4,4,4.9,1.1,4.1,5.2,4,1.1,0.1,3.2,3.2,17.4,47,NA,NA,NA,2014,"http://www.basketball-reference.com/players/g/gential01.html"
"Alessandro Gentile",21.4494292237443,"2015-16",24,5.1,11.5,1,3.6,4.1,7.9,0.484,2.6,3.9,0.5,2.4,2.9,3.1,0.9,0.1,2.1,2.1,13.7,649,7.6,17.2,1.4,5.4,6.2,11.8,3.9,5.9,0.7,3.6,4.3,4.6,1.3,0.2,3.1,3.1,20.5,27,NA,NA,NA,2014,"http://www.basketball-reference.com/players/g/gential01.html"
"Alessandro Gentile",21.4494292237443,"2016-17",21.4,3.8,8.4,0.2,1.2,3.6,7.2,0.459,2.1,3.6,1,2.2,3.2,2.9,1.2,0.2,2.1,2.2,9.8,342,6.3,14.1,0.3,2,6,12.1,3.5,6.1,1.7,3.7,5.4,4.8,2,0.3,3.5,3.7,16.4,16,NA,NA,NA,2014,"http://www.basketball-reference.com/players/g/gential01.html"
"Arturas Gudaitis",21.0493150684932,"2013-14",10.3,1.7,2.9,0,0.6,1.7,2.3,0.6,1,1.6,0.6,2,2.6,0.6,0.4,0.7,0.3,1,4.4,72,6,10,0,2,6,8,3.5,5.5,2,7,9,2,1.5,2.5,1,3.5,15.5,7,NA,NA,NA,2015,"http://www.basketball-reference.com/players/g/gudaiar01.html"
"Arturas Gudaitis",21.0493150684932,"2014-15",15.4,2.2,4.3,0.1,0.3,2.1,4,0.518,2.1,3.4,1.9,2.2,4,0.3,0.2,0.9,0.8,2.1,6.5,307,5,10,0.2,0.6,4.8,9.4,4.9,8,4.3,5,9.4,0.6,0.4,2.1,1.8,4.8,15.2,20,NA,NA,NA,2015,"http://www.basketball-reference.com/players/g/gudaiar01.html"
"Arturas Gudaitis",21.0493150684932,"2015-16",10.6,2.2,3,0,0,2.2,3,0.733,0.4,1,0.6,2,2.6,0,0,1,0.6,1.2,4.8,53,7.5,10.2,0,0,7.5,10.2,1.4,3.4,2,6.8,8.8,0,0,3.4,2,4.1,16.3,5,NA,NA,NA,2015,"http://www.basketball-reference.com/players/g/gudaiar01.html"
"Arturas Gudaitis",21.0493150684932,"2016-17",26,4.6,8.1,0,0.1,4.6,8,0.569,4.3,6.5,3.3,5,8.3,0.9,0.6,2,1.9,3.1,13.5,208,6.4,11.3,0,0.2,6.4,11.1,5.9,9,4.5,6.9,11.4,1.2,0.9,2.8,2.6,4.3,18.7,8,NA,NA,NA,2015,"http://www.basketball-reference.com/players/g/gudaiar01.html"
"Bogdan Bogdanovic",21.213698630137,"2012-13",17.5,1.7,5.5,0.3,1.7,1.3,3.8,0.333,1.3,1.7,0.8,1,1.8,1,0.7,0,0.7,1.7,5,105,3.4,11.3,0.7,3.4,2.7,7.9,2.7,3.4,1.7,2.1,3.8,2.1,1.4,0,1.4,3.4,10.3,6,NA,NA,NA,2014,"http://www.basketball-reference.com/players/b/bogdabo01.html"
"Bogdan Bogdanovic",21.213698630137,"2013-14",31.4,5.2,12.9,2.2,5.9,3,7,0.485,2.3,3,0.7,3,3.7,3.7,1.6,0.2,3.4,2.6,14.8,722,5.9,14.8,2.5,6.7,3.4,8.1,2.6,3.4,0.8,3.4,4.2,4.2,1.8,0.2,3.9,3,17,23,NA,NA,NA,2014,"http://www.basketball-reference.com/players/b/bogdabo01.html"
"Bogdan Bogdanovic",21.213698630137,"2014-15",28.3,3.6,9.2,1.7,4.7,1.9,4.4,0.487,1.6,2,0.4,2.5,2.9,2.8,0.7,0.3,1.5,2,10.6,821,4.6,11.7,2.1,6,2.5,5.7,2.1,2.6,0.6,3.2,3.7,3.5,0.9,0.4,1.9,2.5,13.4,29,NA,NA,NA,2014,"http://www.basketball-reference.com/players/b/bogdabo01.html"
"Bogdan Bogdanovic",21.213698630137,"2015-16",27.6,3.9,9.6,1.8,4.8,2.1,4.8,0.502,2,2.5,0.6,2.6,3.3,3,1.1,0.4,1.5,2.2,11.6,774,5.1,12.5,2.3,6.3,2.8,6.2,2.6,3.2,0.8,3.4,4.2,3.9,1.4,0.6,2,2.8,15.1,28,NA,NA,NA,2014,"http://www.basketball-reference.com/players/b/bogdabo01.html"
"Bogdan Bogdanovic",21.213698630137,"2016-17",25.3,4.3,8,1.3,3.3,3,4.7,0.625,3.3,3.3,0,1.7,1.7,4,0.7,0,2,1.3,13.3,76,6.2,11.4,1.9,4.7,4.3,6.6,4.7,4.7,0,2.4,2.4,5.7,0.9,0,2.8,1.9,18.9,3,NA,NA,NA,2014,"http://www.basketball-reference.com/players/b/bogdabo01.html"
"Bojan Dubljevic",21.3972602739726,"2010-11",15.8,2.5,4.5,0.2,0.3,2.3,4.2,0.574,1.5,1.8,1.8,1.5,3.3,0.2,0.5,0.2,1,2.3,6.7,95,5.7,10.2,0.4,0.8,5.3,9.5,3.4,4.2,4.2,3.4,7.6,0.4,1.1,0.4,2.3,5.3,15.2,6,NA,NA,NA,2013,"http://www.basketball-reference.com/players/d/dubljbo01.html"
"Bojan Dubljevic",21.3972602739726,"2011-12",23.2,4.2,8,1,2.5,3.2,5.5,0.591,2.1,2.8,2.3,3.2,5.5,0.2,1.2,0.5,2,2.5,11.5,302,6.6,12.4,1.5,3.8,5,8.6,3.2,4.4,3.6,4.9,8.5,0.4,1.9,0.7,3.1,3.9,17.9,13,NA,NA,NA,2013,"http://www.basketball-reference.com/players/d/dubljbo01.html"
"Bojan Dubljevic",21.3972602739726,"2012-13",20.7,4.4,8.5,1,2.1,3.5,6.4,0.578,2.6,3.2,1.5,2.5,4,0.6,0.6,0.3,1.9,2.6,12.5,1014,7.7,14.8,1.7,3.7,6.1,11.1,4.6,5.5,2.6,4.4,7,1,1.1,0.6,3.3,4.6,21.7,49,NA,NA,NA,2013,"http://www.basketball-reference.com/players/d/dubljbo01.html"
"Bojan Dubljevic",21.3972602739726,"2013-14",21.5,4.6,8.7,1.3,2.8,3.2,5.8,0.603,2.1,2.4,1.8,3.4,5.2,0.6,0.8,0.5,1.9,2.3,12.5,1034,7.6,14.5,2.2,4.7,5.4,9.7,3.5,4.1,2.9,5.7,8.7,0.9,1.3,0.8,3.1,3.8,21,48,NA,NA,NA,2013,"http://www.basketball-reference.com/players/d/dubljbo01.html"
"Bojan Dubljevic",21.3972602739726,"2014-15",20.7,4.1,8.9,0.9,2.5,3.2,6.4,0.514,2.5,3.1,1.5,3.2,4.8,1,0.7,0.2,1.6,2.3,11.6,1016,7.2,15.4,1.5,4.3,5.6,11.1,4.4,5.5,2.6,5.6,8.3,1.7,1.2,0.4,2.8,4.1,20.2,49,NA,NA,NA,2013,"http://www.basketball-reference.com/players/d/dubljbo01.html"
"Bojan Dubljevic",21.3972602739726,"2015-16",18.7,4.3,8.5,1,2.4,3.3,6.1,0.565,3.4,4.1,1.8,3.4,5.2,0.6,0.7,0.4,1.7,1.7,13,709,8.3,16.4,1.9,4.6,6.4,11.8,6.6,7.9,3.5,6.5,10,1.2,1.4,0.7,3.2,3.4,25.1,38,NA,NA,NA,2013,"http://www.basketball-reference.com/players/d/dubljbo01.html"
"Bojan Dubljevic",21.3972602739726,"2016-17",19.7,3.8,7.9,0.4,1.6,3.4,6.3,0.508,2.9,3.1,1.6,3,4.6,1.1,0.7,0,2.2,1.9,10.9,296,6.9,14.4,0.7,2.9,6.2,11.4,5.4,5.6,2.9,5.5,8.4,1.9,1.2,0,4,3.5,19.9,15,NA,NA,NA,2013,"http://www.basketball-reference.com/players/d/dubljbo01.html"
"Cedi Osman",20.1479452054795,"2013-14",11.6,1.3,3,0.8,1.6,0.5,1.4,0.577,0.3,0.8,0.4,1.3,1.7,0.9,0.5,0.1,0.3,1.8,3.8,151,4.1,9.3,2.6,5,1.4,4.3,1,2.4,1.2,4.1,5.2,2.9,1.4,0.2,1,5.7,11.7,13,NA,NA,NA,2015,"http://www.basketball-reference.com/players/o/osmande01.html"
"Cedi Osman",20.1479452054795,"2014-15",19.3,2.2,5.6,0.7,2.4,1.5,3.1,0.464,1.5,2.2,0.8,2.9,3.7,1.1,0.7,0.3,0.9,2.3,6.7,521,4.1,10.4,1.4,4.6,2.8,5.9,2.8,4.1,1.5,5.3,6.8,2,1.3,0.6,1.6,4.4,12.4,27,NA,NA,NA,2015,"http://www.basketball-reference.com/players/o/osmande01.html"
"Cedi Osman",20.1479452054795,"2015-16",20,2.7,6.2,1.2,3.1,1.6,3.1,0.535,1.3,1.7,1,2,3.1,0.7,0.9,0.1,0.8,1.5,7.9,459,4.9,11.2,2.1,5.6,2.8,5.6,2.3,3,1.9,3.7,5.6,1.3,1.6,0.2,1.5,2.7,14.3,23,NA,NA,NA,2015,"http://www.basketball-reference.com/players/o/osmande01.html"
"Cedi Osman",20.1479452054795,"2016-17",20,3,6.8,1.5,3.7,1.5,3.1,0.554,1.4,1.7,1,1.9,2.9,1.1,0.6,0.1,0.9,1.5,8.9,300,5.4,12.2,2.8,6.7,2.6,5.5,2.5,3.1,1.8,3.4,5.2,1.9,1.1,0.2,1.6,2.8,16.1,15,NA,NA,NA,2015,"http://www.basketball-reference.com/players/o/osmande01.html"
"Dani Diez",22.1506849315068,"2011-12",4,0,2,0,1,0,1,0,0,0,0.5,0,0.5,0,0,0,0.5,0,0,8,0,18,0,9,0,9,0,0,4.5,0,4.5,0,0,0,4.5,0,0,2,NA,NA,NA,2015,"http://www.basketball-reference.com/players/d/diezda01.html"
"Dani Diez",22.1506849315068,"2012-13",12.2,1.5,3.3,0.4,1.3,1.1,2,0.5,0.5,0.8,0.6,1.1,1.6,0.1,0.3,0,0.3,0.9,3.8,378,4.4,9.8,1,3.9,3.3,5.9,1.3,2.4,1.7,3.1,4.9,0.3,1,0.1,1,2.7,11.1,31,NA,NA,NA,2015,"http://www.basketball-reference.com/players/d/diezda01.html"
"Dani Diez",22.1506849315068,"2013-14",9.7,1,2.4,0.3,1.1,0.7,1.3,0.476,0.2,0.3,0.4,0.7,1.1,0.4,0.4,0,0.3,0.6,2.5,493,3.7,9,1.1,4.2,2.6,4.7,0.7,1.1,1.5,2.6,4.2,1.4,1.5,0.1,1,2.1,9.2,51,NA,NA,NA,2015,"http://www.basketball-reference.com/players/d/diezda01.html"
"Dani Diez",22.1506849315068,"2014-15",29.6,4.4,9.1,1.9,4.7,2.4,4.4,0.586,1.5,2,1.1,5.7,6.8,0.5,1,0,1.2,1.1,12.1,888,5.3,11.1,2.4,5.7,3,5.4,1.8,2.5,1.4,6.9,8.3,0.6,1.3,0,1.4,1.3,14.8,30,NA,NA,NA,2015,"http://www.basketball-reference.com/players/d/diezda01.html"
"Dani Diez",22.1506849315068,"2015-16",16.9,1.8,4.2,0.8,2.3,1,1.9,0.524,0.6,0.9,1.3,2.1,3.5,0.5,0.4,0.1,0.6,0.8,5.1,983,3.8,9,1.7,5,2.1,4,1.4,1.8,2.8,4.5,7.4,1.1,0.8,0.1,1.2,1.6,10.8,58,NA,NA,NA,2015,"http://www.basketball-reference.com/players/d/diezda01.html"
"Dani Diez",22.1506849315068,"2016-17",17.8,1.9,4.4,0.9,2.4,1,2,0.536,0.9,1,1.3,2.4,3.6,0.2,0.5,0,0.7,0.7,5.5,392,3.9,8.8,1.7,4.9,2.1,3.9,1.7,2,2.6,4.8,7.3,0.5,0.9,0,1.5,1.4,11.2,22,NA,NA,NA,2015,"http://www.basketball-reference.com/players/d/diezda01.html"
"David Michineau",21.013698630137,"2013-14",6,0.5,1.5,0.2,0.5,0.3,1,0.389,0.2,0.3,0.1,0.7,0.8,0.5,0.3,0.1,0.3,1.2,1.3,72,3,9,1,3,2,6,1,2,0.5,4,4.5,3,2,0.5,1.5,7,8,12,NA,NA,NA,2016,"http://www.basketball-reference.com/players/m/michida01.html"
"David Michineau",21.013698630137,"2014-15",13.8,1.4,3.9,0.1,0.7,1.3,3.2,0.371,0.5,1,0.2,0.8,1,1.3,0.7,0.1,1.3,1.8,3.4,360,3.6,10.1,0.3,1.7,3.3,8.4,1.4,2.7,0.4,2.2,2.6,3.5,1.7,0.2,3.3,4.6,8.9,26,NA,NA,NA,2016,"http://www.basketball-reference.com/players/m/michida01.html"
"David Michineau",21.013698630137,"2015-16",13.6,2.2,5.1,0.4,1.3,1.8,3.9,0.474,0.8,1.1,0.5,0.5,0.9,1.5,0.5,0,0.9,1.9,5.6,461,5.9,13.7,1.1,3.4,4.8,10.3,2,3,1.2,1.2,2.5,4.1,1.4,0,2.4,4.9,15,34,NA,NA,NA,2016,"http://www.basketball-reference.com/players/m/michida01.html"
"David Michineau",21.013698630137,"2016-17",24.5,3.1,10.2,0.5,3.2,2.7,7,0.33,1.5,2,0.7,1.6,2.3,3.1,0.7,0.1,2.5,2.8,8.2,367,4.6,15,0.7,4.7,3.9,10.3,2.2,2.9,1.1,2.4,3.4,4.5,1,0.1,3.6,4.1,12.1,15,NA,NA,NA,2016,"http://www.basketball-reference.com/players/m/michida01.html"
"Dimitrios Agravanis",20.5535388127854,"2010-11",2,0,0,0,0,0,0,NA,2,2,0,0,0,0,0,0,0,0,2,2,0,0,0,0,0,0,36,36,0,0,0,0,0,0,0,0,36,1,NA,NA,NA,2015,"http://www.basketball-reference.com/players/a/agravdi01.html"
"Dimitrios Agravanis",20.5535388127854,"2011-12",12,0.9,2.7,0.1,0.4,0.8,2.4,0.368,1,1.8,1.2,1.6,2.8,0.3,0.5,0.3,0.5,2.8,3,168,2.8,8.1,0.4,1.1,2.4,7.1,3,5.4,3.6,4.7,8.4,0.9,1.5,0.9,1.5,8.4,9,14,NA,NA,NA,2015,"http://www.basketball-reference.com/players/a/agravdi01.html"
"Dimitrios Agravanis",20.5535388127854,"2012-13",6.2,0.2,1.5,0.2,0.9,0.1,0.5,0.211,0.5,0.9,0.5,0.8,1.3,0.3,0.2,0.2,0.4,1.6,1.1,80,1.4,8.6,0.9,5.4,0.5,3.2,2.7,5.4,3.2,4.5,7.7,1.8,1.4,0.9,2.3,9.5,6.3,13,NA,NA,NA,2015,"http://www.basketball-reference.com/players/a/agravdi01.html"
"Dimitrios Agravanis",20.5535388127854,"2013-14",7.8,0.6,2.3,0.1,0.9,0.5,1.4,0.292,0.5,0.6,0.4,0.9,1.3,0.4,0.3,0.1,0.3,2,1.8,164,2.9,10.5,0.4,4.2,2.4,6.4,2.2,2.6,2,4,5.9,2,1.3,0.7,1.5,9.2,8.3,21,NA,NA,NA,2015,"http://www.basketball-reference.com/players/a/agravdi01.html"
"Dimitrios Agravanis",20.5535388127854,"2014-15",14.3,2,4.7,0.6,2,1.5,2.7,0.492,0.8,1.3,1.1,2,3.1,0.5,0.5,0.6,0.3,2.3,5.4,542,5.1,11.8,1.4,5,3.7,6.8,1.9,3.3,2.8,5,7.8,1.3,1.3,1.6,0.7,5.9,13.5,38,NA,NA,NA,2015,"http://www.basketball-reference.com/players/a/agravdi01.html"
"Dimitrios Agravanis",20.5535388127854,"2015-16",12.8,1.7,4,0.7,2,1,2,0.506,0.9,1.5,1,1.7,2.7,0.5,0.5,0.6,0.6,1.6,4.9,510,4.7,11.2,1.8,5.6,2.9,5.6,2.5,4.2,2.8,4.8,7.6,1.3,1.4,1.6,1.6,4.4,13.8,40,NA,NA,NA,2015,"http://www.basketball-reference.com/players/a/agravdi01.html"
"Dimitrios Agravanis",20.5535388127854,"2016-17",9.1,1.2,2.8,0.5,1.7,0.7,1.1,0.512,0.6,1,0.5,1.8,2.3,0.3,0.3,0.1,0.3,1.1,3.5,136,4.8,11.1,1.9,6.6,2.9,4.5,2.4,4,1.9,7.1,9,1.3,1.1,0.5,1.3,4.5,13.8,15,NA,NA,NA,2015,"http://www.basketball-reference.com/players/a/agravdi01.html"
"Furkan Korkmaz",19.3533105022831,"2014-15",10.7,1.1,2.6,0.6,1.5,0.4,1.1,0.531,0.8,1,0.2,1.2,1.4,0.8,0.6,0,0.4,1.3,3.5,204,3.5,8.6,2.1,5.1,1.4,3.5,2.6,3.4,0.7,4.1,4.8,2.8,1.9,0,1.2,4.4,11.8,19,NA,NA,NA,2016,"http://www.basketball-reference.com/players/k/korkmfu01.html"
"Furkan Korkmaz",19.3533105022831,"2015-16",8.8,0.9,2.4,0.6,1.4,0.4,1.1,0.511,0.2,0.4,0.3,0.6,0.9,0.5,0.1,0.2,0.4,1.4,2.7,168,3.9,9.9,2.4,5.6,1.5,4.3,0.9,1.5,1.1,2.6,3.6,1.9,0.4,0.6,1.7,5.8,10.9,19,NA,NA,NA,2016,"http://www.basketball-reference.com/players/k/korkmfu01.html"
"Furkan Korkmaz",19.3533105022831,"2016-17",7,0.5,2.5,0,0.5,0.5,2,0.2,0,0,0,0.5,0.5,0.5,1.5,0,0,0.5,1,14,2.6,12.9,0,2.6,2.6,10.3,0,0,0,2.6,2.6,2.6,7.7,0,0,2.6,5.1,2,NA,NA,NA,2016,"http://www.basketball-reference.com/players/k/korkmfu01.html"
"Guerschon Yabusele",20.5453196347032,"2013-14",4,0.5,1,0.1,0.3,0.4,0.8,0.563,0.4,0.4,0.3,0.4,0.6,0,0,0,0.1,0.6,1.5,32,4.5,9,1.1,2.3,3.4,6.8,3.4,3.4,2.3,3.4,5.6,0,0,0,1.1,5.6,13.5,8,NA,NA,NA,2016,"http://www.basketball-reference.com/players/y/yabusgu01.html"
"Guerschon Yabusele",20.5453196347032,"2015-16",28.7,4.3,7.9,0.8,1.8,3.5,6.1,0.587,2.2,2.9,2.6,4.3,6.8,1.1,1.1,0.4,1.6,2.5,11.5,975,5.4,9.9,1,2.3,4.4,7.7,2.8,3.6,3.2,5.4,8.6,1.3,1.4,0.6,2,3.1,14.4,34,NA,NA,NA,2016,"http://www.basketball-reference.com/players/y/yabusgu01.html"
"Ilkan Karaman",22.0520547945205,"2012-13",12.7,1.8,3.9,0.3,1.1,1.5,2.7,0.512,0.5,0.9,0.7,1.8,2.5,0.4,0.5,0.5,0.8,1.5,4.4,279,5.2,11,0.9,3.2,4.3,7.7,1.3,2.6,1.9,5,7,1,1.5,1.3,2.2,4.4,12.5,22,NA,NA,NA,2012,"http://www.basketball-reference.com/players/k/karamil01.html"
"Isaia Cordinier",19.4932648401826,"2013-14",4.8,0.5,1.8,0.3,0.5,0.3,1.3,0.357,0,0,0.5,0,0.5,0.3,0,0,0.5,0.8,1.3,19,3.8,13.3,1.9,3.8,1.9,9.5,0,0,3.8,0,3.8,1.9,0,0,3.8,5.7,9.5,4,NA,NA,NA,2016,"http://www.basketball-reference.com/players/c/cordiis01.html"
"Isaia Cordinier",19.4932648401826,"2016-17",18.2,1,3.6,0.5,1.6,0.5,2,0.349,0.8,1.3,0.1,1,1.1,1.2,0.6,0,1.9,2.9,3.3,218,2,7.1,1,3.1,1,4,1.5,2.6,0.2,2,2.1,2.3,1.2,0,3.8,5.8,6.4,12,NA,NA,NA,2016,"http://www.basketball-reference.com/players/c/cordiis01.html"
"Izzet Turkyilmaz",22.0328767123288,"2010-11",12.5,1,3.5,0,1,1,2.5,0.286,1,1,0.5,1.5,2,0,1,0,0.5,1,3,25,2.9,10.1,0,2.9,2.9,7.2,2.9,2.9,1.4,4.3,5.8,0,2.9,0,1.4,2.9,8.6,2,NA,NA,NA,2012,"http://www.basketball-reference.com/players/t/turkyiz01.html"
"Izzet Turkyilmaz",22.0328767123288,"2011-12",9.1,1.1,1.4,0.3,0.3,0.9,1.1,0.909,0.5,0.9,0.9,1,1.9,0.5,0.5,0.6,0.8,1,3,73,4.4,5.4,1,1,3.5,4.4,2,3.5,3.5,3.9,7.4,2,2,2.5,3,3.9,11.8,8,NA,NA,NA,2012,"http://www.basketball-reference.com/players/t/turkyiz01.html"
"Izzet Turkyilmaz",22.0328767123288,"2012-13",9.1,1,1.9,0.4,0.6,0.6,1.3,0.619,0.5,0.7,0.4,0.9,1.3,0.3,0,0.3,0.4,2.2,2.8,100,4,7.6,1.4,2.5,2.5,5,1.8,2.9,1.4,3.6,5,1.1,0,1.1,1.4,8.6,11.2,11,NA,NA,NA,2012,"http://www.basketball-reference.com/players/t/turkyiz01.html"
"Izzet Turkyilmaz",22.0328767123288,"2013-14",7,0.4,1.1,0,0.3,0.4,0.9,0.375,0.4,0.6,0.6,1,1.6,0.1,0.3,0.1,0.9,0.9,1.3,49,2.2,5.9,0,1.5,2.2,4.4,2.2,2.9,2.9,5.1,8.1,0.7,1.5,0.7,4.4,4.4,6.6,7,NA,NA,NA,2012,"http://www.basketball-reference.com/players/t/turkyiz01.html"
"Izzet Turkyilmaz",22.0328767123288,"2014-15",13,0.8,3.3,0.1,1.5,0.6,1.8,0.25,0.3,0.4,0,1.5,1.5,0.1,0.5,0.9,0.6,1.4,1.9,104,2.1,9,0.3,4.2,1.7,4.8,0.7,1,0,4.2,4.2,0.3,1.4,2.4,1.7,3.8,5.2,8,NA,NA,NA,2012,"http://www.basketball-reference.com/players/t/turkyiz01.html"
"Izzet Turkyilmaz",22.0328767123288,"2015-16",7.3,0.3,1.7,0,0.5,0.3,1.2,0.2,0.7,0.7,0.2,1,1.2,0.7,0.2,0.8,0.3,0.7,1.3,44,1.6,8.2,0,2.5,1.6,5.7,3.3,3.3,0.8,4.9,5.7,3.3,0.8,4.1,1.6,3.3,6.5,6,NA,NA,NA,2012,"http://www.basketball-reference.com/players/t/turkyiz01.html"
"Janis Timma",20.0849315068493,"2014-15",28.9,4.7,10,2.3,6,2.3,4,0.583,0.9,1.3,0.4,4.2,4.7,4.1,1.2,0,2.6,3.7,12.6,260,5.8,12.5,2.9,7.5,2.9,5,1.1,1.7,0.6,5.3,5.8,5.1,1.5,0,3.2,4.6,15.6,9,NA,NA,NA,2013,"http://www.basketball-reference.com/players/t/timmaja01.html"
"Janis Timma",20.0849315068493,"2015-16",28.8,4.4,10,1.9,6.1,2.5,3.9,0.541,1.8,2.1,0.8,4.6,5.4,3.4,1.3,0.3,2.3,2.9,12.6,461,5.5,12.5,2.4,7.6,3.1,4.9,2.2,2.6,1,5.8,6.8,4.2,1.6,0.4,2.9,3.7,15.7,16,NA,NA,NA,2013,"http://www.basketball-reference.com/players/t/timmaja01.html"
"Janis Timma",20.0849315068493,"2016-17",29.7,6.7,12.5,3.3,8,3.3,4.5,0.667,1.3,2,2.2,3.2,5.3,3.7,1.2,0.5,2,3.5,18,178,8.1,15.2,4,9.7,4,5.5,1.6,2.4,2.6,3.8,6.5,4.4,1.4,0.6,2.4,4.2,21.8,6,NA,NA,NA,2013,"http://www.basketball-reference.com/players/t/timmaja01.html"
"Latavious Williams",21.1753424657534,"2011-12",25,4.1,6.8,0,0,4.1,6.8,0.599,1.4,2.1,2.9,4.2,7.1,0.4,1.3,0.8,1.3,3.1,9.6,850,5.9,9.8,0,0,5.9,9.8,2.1,3,4.2,6.1,10.2,0.6,1.8,1.1,1.9,4.5,13.8,34,NA,NA,NA,2010,"http://www.basketball-reference.com/players/w/willila01.html"
"Latavious Williams",21.1753424657534,"2012-13",21.6,3.9,6.8,0,0.1,3.9,6.7,0.568,1.7,2.3,2.7,3.4,6.1,0.5,0.8,0.3,1.1,2.2,9.4,583,6.4,11.3,0,0.1,6.4,11.2,2.8,3.9,4.5,5.7,10.3,0.9,1.4,0.5,1.9,3.6,15.6,27,NA,NA,NA,2010,"http://www.basketball-reference.com/players/w/willila01.html"
"Latavious Williams",21.1753424657534,"2013-14",28.4,4.8,7.5,0,0.1,4.8,7.4,0.64,1.3,2.6,4.2,3.5,7.7,0.7,0.5,0.4,2.1,1.8,10.9,284,6.1,9.5,0,0.1,6.1,9.4,1.6,3.3,5.3,4.4,9.8,0.9,0.6,0.5,2.7,2.3,13.8,10,NA,NA,NA,2010,"http://www.basketball-reference.com/players/w/willila01.html"
"Latavious Williams",21.1753424657534,"2014-15",18.8,2.9,4.5,0,0,2.9,4.5,0.649,1.3,2.1,2.7,3.1,5.8,0.4,0.6,0.4,0.7,2.1,7.2,619,5.6,8.6,0,0,5.6,8.6,2.6,4.1,5.2,5.9,11.1,0.8,1.2,0.7,1.4,4.1,13.7,33,NA,NA,NA,2010,"http://www.basketball-reference.com/players/w/willila01.html"
"Latavious Williams",21.1753424657534,"2015-16",17.8,3.8,5.4,0,0.1,3.8,5.4,0.694,1.2,1.7,2.1,3.1,5.2,0.4,0.7,0.5,0.8,2.1,8.8,320,7.7,11,0,0.1,7.7,10.9,2.5,3.5,4.3,6.2,10.5,0.8,1.4,1,1.6,4.3,17.8,18,NA,NA,NA,2010,"http://www.basketball-reference.com/players/w/willila01.html"
"Latavious Williams",21.1753424657534,"2016-17",16.3,2.8,4.4,0,0,2.8,4.4,0.636,0.9,1.2,2.1,2.7,4.9,0.4,0.4,0.5,0.7,2.6,6.5,245,6.2,9.7,0,0,6.2,9.7,2.1,2.6,4.7,6,10.7,0.9,0.9,1.2,1.5,5.7,14.4,15,NA,NA,NA,2010,"http://www.basketball-reference.com/players/w/willila01.html"
"Livio Jean-Charles",19.4384703196347,"2011-12",8.4,0.6,1.4,0.1,0.4,0.4,1,0.438,0.3,0.5,0.5,1,1.6,0.3,0.1,0.2,0.6,0.7,1.6,245,2.4,5.9,0.4,1.6,1.9,4.3,1.5,2.1,2.2,4.4,6.6,1.5,0.4,0.7,2.6,2.9,6.6,29,NA,NA,NA,2013,"http://www.basketball-reference.com/players/j/jeancli01.html"
"Livio Jean-Charles",19.4384703196347,"2012-13",14.5,1.4,2.6,0.2,0.5,1.2,2,0.589,0.4,0.6,1,1.7,2.7,0.5,0.5,0.3,0.7,1.2,3.4,347,3.5,6.4,0.5,1.3,3,5.1,0.9,1.6,2.5,4.3,6.7,1.2,1.2,0.6,1.7,3,8.5,24,NA,NA,NA,2013,"http://www.basketball-reference.com/players/j/jeancli01.html"
"Livio Jean-Charles",19.4384703196347,"2014-15",13.2,1.7,3.5,0,0.2,1.7,3.3,0.484,0.9,1.2,1.3,2,3.3,0.6,0.4,0.4,1.2,1.2,4.3,579,4.7,9.6,0,0.6,4.7,9,2.5,3.2,3.6,5.5,9.1,1.6,1.2,1.1,3.3,3.3,11.9,44,NA,NA,NA,2013,"http://www.basketball-reference.com/players/j/jeancli01.html"
"Livio Jean-Charles",19.4384703196347,"2015-16",21.2,2.6,4.6,0,0.3,2.5,4.3,0.556,0.8,1.2,1.9,2.7,4.6,0.9,0.4,0.5,1,2,5.9,530,4.3,7.9,0.1,0.5,4.3,7.3,1.3,2,3.3,4.6,7.8,1.5,0.7,0.8,1.8,3.4,10.1,25,NA,NA,NA,2013,"http://www.basketball-reference.com/players/j/jeancli01.html"
"Louis Labeyrie",22.3012557077626,"2011-12",22.4,4.2,7.2,0,0.3,4.2,6.9,0.586,0.7,1.5,2.3,4.2,6.5,0.9,0.5,0.7,1.3,2.6,9.1,672,6.8,11.6,0.1,0.4,6.7,11.1,1.1,2.5,3.7,6.8,10.4,1.5,0.9,1.1,2.1,4.2,14.7,30,NA,NA,NA,2014,"http://www.basketball-reference.com/players/l/labeylo01.html"
"Louis Labeyrie",22.3012557077626,"2012-13",11.3,1.5,3.1,0,0.1,1.5,3.1,0.466,0.4,0.7,1.4,1.6,3,0.4,0,0.5,0.5,1.7,3.4,315,4.7,10.1,0,0.2,4.7,9.8,1.4,2.3,4.6,5.1,9.7,1.3,0.1,1.5,1.5,5.4,10.7,28,NA,NA,NA,2014,"http://www.basketball-reference.com/players/l/labeylo01.html"
"Louis Labeyrie",22.3012557077626,"2013-14",12.9,2.1,3.4,0.4,0.9,1.7,2.6,0.683,0.8,1.1,1.4,2.1,3.5,0.2,0.4,0.5,0.4,1.6,5.5,347,6,9.6,1.1,2.5,4.9,7.2,2.2,3,3.9,5.8,9.8,0.6,1,1.5,1.2,4.4,15.4,27,NA,NA,NA,2014,"http://www.basketball-reference.com/players/l/labeylo01.html"
"Louis Labeyrie",22.3012557077626,"2014-15",16.5,2.1,4.3,0.4,1.4,1.7,2.9,0.525,0.8,1.2,1.1,2.5,3.6,0.5,0.5,0.7,0.6,2.2,5.3,858,4.5,9.3,0.8,3,3.7,6.3,1.8,2.6,2.5,5.4,7.8,1.1,1.1,1.4,1.3,4.7,11.5,52,NA,NA,NA,2014,"http://www.basketball-reference.com/players/l/labeylo01.html"
"Louis Labeyrie",22.3012557077626,"2015-16",21.5,3.3,5.8,0.5,1.2,2.8,4.7,0.606,0.8,1.5,1.9,3.7,5.5,0.8,0.6,1,0.8,2.3,7.9,711,5.5,9.8,0.8,2,4.7,7.8,1.4,2.5,3.1,6.1,9.3,1.3,1,1.6,1.4,3.8,13.3,33,NA,NA,NA,2014,"http://www.basketball-reference.com/players/l/labeylo01.html"
"Louis Labeyrie",22.3012557077626,"2016-17",20.8,3.3,6.2,0.1,1,3.2,5.2,0.534,2,2.3,2.7,5,7.7,0.7,0.5,0.8,0.8,1.9,8.6,249,5.6,10.7,0.1,1.7,5.5,9,3.5,4,4.6,8.7,13.3,1.2,0.9,1.4,1.4,3.3,14.9,12,NA,NA,NA,2014,"http://www.basketball-reference.com/players/l/labeylo01.html"
"Luka Mitrovic",22.1972602739726,"2010-11",2,0,1,0,0,0,1,0,0,0,0,0,0,0,0,0,0,0,0,2,0,18,0,0,0,18,0,0,0,0,0,0,0,0,0,0,0,1,NA,NA,NA,2015,"http://www.basketball-reference.com/players/m/mitrolu01.html"
"Luka Mitrovic",22.1972602739726,"2012-13",4,0.4,0.6,0,0,0.4,0.6,0.667,0.8,1.2,0,0.2,0.2,0.2,0,0.2,0.6,0.2,1.6,20,3.6,5.4,0,0,3.6,5.4,7.2,10.8,0,1.8,1.8,1.8,0,1.8,5.4,1.8,14.4,5,NA,NA,NA,2015,"http://www.basketball-reference.com/players/m/mitrolu01.html"
"Luka Mitrovic",22.1972602739726,"2013-14",13.6,1.3,3,0.1,1.1,1.1,1.9,0.438,0.8,1,1.6,2.3,3.9,0.9,0.6,0.3,0.4,0.9,3.4,109,3.3,7.9,0.3,3,3,5,2,2.6,4.3,5.9,10.2,2.3,1.7,0.7,1,2.3,8.9,8,NA,NA,NA,2015,"http://www.basketball-reference.com/players/m/mitrolu01.html"
"Luka Mitrovic",22.1972602739726,"2014-15",24.7,3.4,8,0.5,2.6,3,5.3,0.458,1.3,1.7,1.7,3.5,5.2,2.3,1,0.2,1.6,2.4,8.6,593,5,11.6,0.7,3.8,4.3,7.8,1.9,2.5,2.4,5.2,7.6,3.4,1.5,0.3,2.4,3.5,12.6,24,NA,NA,NA,2015,"http://www.basketball-reference.com/players/m/mitrolu01.html"
"Luka Mitrovic",22.1972602739726,"2015-16",10.5,1.8,3.5,0.5,0.5,1.3,3,0.571,0.5,1,0.5,2,2.5,0.3,0,0.5,1,1.5,4.5,42,6,12,1.7,1.7,4.3,10.3,1.7,3.4,1.7,6.9,8.6,0.9,0,1.7,3.4,5.1,15.4,4,NA,NA,NA,2015,"http://www.basketball-reference.com/players/m/mitrolu01.html"
"Luka Mitrovic",22.1972602739726,"2016-17",14.9,1.4,3.9,0.1,0.5,1.3,3.4,0.363,0.5,1.2,0.5,1.3,1.8,1,0.2,0.1,1.2,0.8,3.4,194,3.3,9.5,0.2,1.3,3.2,8.2,1.3,2.8,1.1,3.2,4.3,2.4,0.6,0.2,2.8,2,8.2,13,NA,NA,NA,2015,"http://www.basketball-reference.com/players/m/mitrolu01.html"
"Marcus Eriksson",21.5124429223744,"2010-11",1.3,0,0,0,0,0,0,NA,0,0,0,0.3,0.3,0,0,0,0.3,0.3,0,5,0,0,0,0,0,0,0,0,0,7.2,7.2,0,0,0,7.2,7.2,0,4,NA,NA,NA,2015,"http://www.basketball-reference.com/players/e/eriksma01.html"
"Marcus Eriksson",21.5124429223744,"2012-13",0,0,0,0,0,0,0,NA,0,0,0,0,0,0,0,0,0,0,0,0,NA,NA,NA,NA,NA,NA,NA,NA,NA,NA,NA,NA,NA,NA,NA,NA,NA,2,NA,NA,NA,2015,"http://www.basketball-reference.com/players/e/eriksma01.html"
"Marcus Eriksson",21.5124429223744,"2013-14",23.9,3.8,9.3,2.1,5.6,1.7,3.8,0.521,1.5,1.5,0.4,1.5,1.8,0.8,0.4,0.2,0.9,1.7,11.2,790,5.7,14,3.1,8.4,2.6,5.7,2.2,2.3,0.5,2.2,2.7,1.2,0.6,0.2,1.4,2.6,16.8,33,NA,NA,NA,2015,"http://www.basketball-reference.com/players/e/eriksma01.html"
"Marcus Eriksson",21.5124429223744,"2014-15",5,0,0,0,0,0,0,NA,0,0,0,0,0,0,0,0,0,1,0,5,0,0,0,0,0,0,0,0,0,0,0,0,0,0,0,7.2,0,1,NA,NA,NA,2015,"http://www.basketball-reference.com/players/e/eriksma01.html"
"Marcus Eriksson",21.5124429223744,"2015-16",9.6,1.2,2.9,0.6,2,0.6,1,0.5,0.2,0.3,0.2,0.8,1.1,0.3,0.4,0,0.3,0.7,3.1,239,4.4,11,2.3,7.4,2.1,3.6,0.6,1.1,0.9,3.2,4.1,1.2,1.5,0,1.1,2.7,11.6,25,NA,NA,NA,2015,"http://www.basketball-reference.com/players/e/eriksma01.html"
"Marcus Eriksson",21.5124429223744,"2016-17",11,1.3,2.6,0.7,1.6,0.5,1,0.611,0.4,0.4,0.1,0.9,1,0.5,0.5,0.2,0.4,1.1,3.6,265,4.1,8.6,2.3,5.3,1.8,3.3,1.2,1.4,0.4,2.9,3.3,1.6,1.5,0.5,1.4,3.7,11.7,24,NA,NA,NA,2015,"http://www.basketball-reference.com/players/e/eriksma01.html"
"Marko Todorovic",21.1178082191781,"2010-11",7.3,0.8,2.7,0,0.6,0.8,2.1,0.292,0.4,0.7,1.1,0.9,2,0,0.1,0.4,0.6,1.1,2,66,3.8,13.1,0,2.7,3.8,10.4,2.2,3.3,5.5,4.4,9.8,0,0.5,2.2,2.7,5.5,9.8,9,NA,NA,NA,2013,"http://www.basketball-reference.com/players/t/todorma01.html"
"Marko Todorovic",21.1178082191781,"2011-12",7,1.6,2,0.2,0.2,1.4,1.8,0.85,0,0,0.6,1.2,1.8,0,0.6,0,0.2,1.2,3.4,35,8.2,10.3,1,1,7.2,9.3,0,0,3.1,6.2,9.3,0,3.1,0,1,6.2,17.5,5,NA,NA,NA,2013,"http://www.basketball-reference.com/players/t/todorma01.html"
"Marko Todorovic",21.1178082191781,"2012-13",7.2,1,1.8,0.1,0.3,0.9,1.5,0.553,0.6,1,0.9,1.1,2,0.3,0.2,0.4,0.6,1,2.6,302,4.8,8.9,0.4,1.5,4.4,7.4,3,5.2,4.5,5.6,10.1,1.4,1.1,2,3.1,4.8,12.9,42,NA,NA,NA,2013,"http://www.basketball-reference.com/players/t/todorma01.html"
"Marko Todorovic",21.1178082191781,"2013-14",8.7,0.9,1.7,0,0.1,0.9,1.6,0.517,0.6,0.8,0.8,1.4,2.2,0.3,0.3,0.3,0.5,1.2,2.3,304,3.6,6.9,0,0.4,3.6,6.5,2.5,3.4,3.3,5.7,9,1.2,1.3,1.4,1.9,5,9.6,35,NA,NA,NA,2013,"http://www.basketball-reference.com/players/t/todorma01.html"
"Marko Todorovic",21.1178082191781,"2014-15",27,4.5,7.1,0.1,0.3,4.4,6.7,0.648,2.3,3.1,2.8,4.4,7.2,1.2,1.2,0.9,1.4,2.4,11.5,918,6,9.4,0.1,0.4,5.9,9,3.1,4.2,3.7,5.9,9.6,1.6,1.6,1.2,1.9,3.1,15.3,34,NA,NA,NA,2013,"http://www.basketball-reference.com/players/t/todorma01.html"
"Marko Todorovic",21.1178082191781,"2015-16",16.1,2,3.6,0,0.1,2,3.4,0.562,1.6,2.3,1.4,2.6,4,0.7,0.6,0.5,1,2.6,5.6,402,4.5,8,0,0.3,4.5,7.7,3.7,5.2,3.1,5.9,9,1.6,1.3,1.2,2.3,5.8,12.6,25,NA,NA,NA,2013,"http://www.basketball-reference.com/players/t/todorma01.html"
"Marko Todorovic",21.1178082191781,"2016-17",19.9,3.5,4.9,0,0,3.5,4.9,0.718,1.4,2.1,2,3.3,5.3,1.9,0.6,0.9,1.6,3.9,8.4,159,6.3,8.8,0,0,6.3,8.8,2.5,3.8,3.6,5.9,9.5,3.4,1.1,1.6,2.9,7,15.2,8,NA,NA,NA,2013,"http://www.basketball-reference.com/players/t/todorma01.html"
"Milan Macvan",21.4603881278539,"2007-08",7,1,3,0,1,1,2,0.333,2,2,0,1,1,0,0,0,0,0,4,7,5.1,15.4,0,5.1,5.1,10.3,10.3,10.3,0,5.1,5.1,0,0,0,0,0,20.6,1,NA,NA,NA,2011,"http://www.basketball-reference.com/players/m/macvami01.html"
"Milan Macvan",21.4603881278539,"2008-09",24,4.1,7.9,0.7,2.1,3.4,5.7,0.573,2.3,2.8,1.2,3,4.2,1,0.5,0.1,1.2,1.6,11.3,336,6.2,11.8,1.1,3.2,5.1,8.6,3.4,4.2,1.8,4.5,6.3,1.5,0.7,0.2,1.8,2.5,16.9,14,NA,NA,NA,2011,"http://www.basketball-reference.com/players/m/macvami01.html"
"Milan Macvan",21.4603881278539,"2009-10",22.7,3.2,6.7,0.5,2,2.7,4.7,0.513,2.7,3.3,1,2.7,3.7,1.2,0.5,0.3,0.8,1.8,9.5,136,5,10.6,0.8,3.2,4.2,7.4,4.2,5.3,1.6,4.2,5.8,1.9,0.8,0.5,1.3,2.9,15.1,6,NA,NA,NA,2011,"http://www.basketball-reference.com/players/m/macvami01.html"
"Milan Macvan",21.4603881278539,"2010-11",17.3,2.6,5.4,0.2,1,2.4,4.4,0.516,1.9,2.4,0.9,2.6,3.5,1.4,0.2,0.2,1.2,1.2,7.5,294,5.5,11.1,0.5,2.1,5,9.1,4,5,1.8,5.5,7.3,2.9,0.5,0.5,2.4,2.4,15.6,17,NA,NA,NA,2011,"http://www.basketball-reference.com/players/m/macvami01.html"
"Milan Macvan",21.4603881278539,"2011-12",31.6,5.8,10.4,1.2,3.2,4.6,7.2,0.615,2.5,3,2.3,5.9,8.2,2.2,1,0.1,1.4,2.8,15.3,316,6.6,11.8,1.4,3.6,5.2,8.2,2.8,3.4,2.6,6.7,9.3,2.5,1.1,0.1,1.6,3.2,17.4,10,NA,NA,NA,2011,"http://www.basketball-reference.com/players/m/macvami01.html"
"Milan Macvan",21.4603881278539,"2012-13",22.8,2.7,6.4,0.8,2.3,1.8,4.1,0.481,1.5,1.9,0.8,2.3,3.2,1.1,0.9,0.3,0.9,1.6,7.7,274,4.2,10.1,1.3,3.7,2.9,6.4,2.4,3,1.3,3.7,5,1.7,1.4,0.5,1.4,2.5,12.1,12,NA,NA,NA,2011,"http://www.basketball-reference.com/players/m/macvami01.html"
"Milan Macvan",21.4603881278539,"2013-14",19.5,2.3,4.8,0.5,1.5,1.8,3.3,0.528,1.7,2.2,1.8,2.7,4.5,1,0.3,0.3,0.7,1.5,6.8,507,4.3,8.9,0.9,2.8,3.3,6.1,3.1,4.1,3.3,5,8.4,1.9,0.5,0.5,1.2,2.8,12.6,26,NA,NA,NA,2011,"http://www.basketball-reference.com/players/m/macvami01.html"
"Milan Macvan",21.4603881278539,"2014-15",28.7,7,11.5,0.8,2.5,6.2,9,0.645,3.2,3.3,2.7,6,8.7,3.8,0.2,0.7,1.7,2,18,172,8.8,14.4,1,3.1,7.7,11.3,4,4.2,3.3,7.5,10.9,4.8,0.2,0.8,2.1,2.5,22.6,6,NA,NA,NA,2011,"http://www.basketball-reference.com/players/m/macvami01.html"
"Milan Macvan",21.4603881278539,"2015-16",23.4,3.7,7.6,0.7,2.1,3,5.5,0.53,2.1,2.6,2,2.7,4.7,1.6,0.8,0,1.2,1.9,10.1,959,5.7,11.7,1.1,3.3,4.6,8.4,3.2,4.1,3,4.1,7.2,2.4,1.2,0.1,1.9,2.9,15.6,41,NA,NA,NA,2011,"http://www.basketball-reference.com/players/m/macvami01.html"
"Milan Macvan",21.4603881278539,"2016-17",20,3.6,6.4,0.6,1.4,3.1,5,0.61,1.3,1.8,1.5,2.5,4,1.4,0.3,0,1.1,1.5,9.1,400,6.5,11.4,1,2.5,5.5,8.9,2.3,3.2,2.7,4.5,7.2,2.5,0.5,0,2,2.7,16.3,20,NA,NA,NA,2011,"http://www.basketball-reference.com/players/m/macvami01.html"
"Nemanja Dangubic",21.1342465753425,"2014-15",14.3,1.5,3.9,0.6,1.7,0.9,2.2,0.455,0.6,0.8,0.7,1.3,2,0.7,0.4,0.1,1.1,2.4,4.1,328,3.7,9.8,1.4,4.2,2.3,5.6,1.4,2.1,1.9,3.2,5,1.8,1.1,0.3,2.9,6,10.3,23,NA,NA,NA,2014,"http://www.basketball-reference.com/players/d/dangune01.html"
"Nemanja Dangubic",21.1342465753425,"2015-16",15.9,2,3.6,0.7,1.6,1.3,2,0.652,0.5,0.7,0.4,1.6,1.9,0.8,0.3,0.1,1.5,2.5,5.2,302,4.5,8.2,1.7,3.7,2.9,4.5,1.1,1.5,0.8,3.6,4.4,1.9,0.6,0.1,3.3,5.6,11.8,19,NA,NA,NA,2014,"http://www.basketball-reference.com/players/d/dangune01.html"
"Nemanja Dangubic",21.1342465753425,"2016-17",19.3,2.1,5.1,0.6,1.8,1.5,3.3,0.461,0.5,0.7,0.4,1.5,1.9,0.6,0.5,0.1,1,2.5,5.3,289,3.9,9.6,1.1,3.4,2.7,6.2,1,1.2,0.7,2.9,3.6,1.1,1,0.2,1.9,4.7,9.8,15,NA,NA,NA,2014,"http://www.basketball-reference.com/players/d/dangune01.html"
"Nikola Milutinov",20.5809360730594,"2012-13",7.5,1.3,2.3,0,0,1.3,2.3,0.556,0.8,1,0.4,1,1.4,0.1,0.1,0.3,0.1,1.4,3.3,60,6,10.8,0,0,6,10.8,3.6,4.8,1.8,4.8,6.6,0.6,0.6,1.2,0.6,6.6,15.6,8,NA,NA,NA,2015,"http://www.basketball-reference.com/players/m/milutni01.html"
"Nikola Milutinov",20.5809360730594,"2013-14",20.3,2,3.8,0,0,2,3.8,0.513,0.8,1.2,1.8,1.5,3.3,1,0.2,0.6,0.8,3.3,4.7,426,3.5,6.8,0,0,3.5,6.8,1.4,2.1,3.2,2.7,5.9,1.7,0.3,1,1.4,5.8,8.3,21,NA,NA,NA,2015,"http://www.basketball-reference.com/players/m/milutni01.html"
"Nikola Milutinov",20.5809360730594,"2014-15",22.4,2.6,5.8,0,0,2.6,5.8,0.442,1.9,2.4,3.9,2.1,6,1.3,0.4,0.3,1.7,3.4,7,202,4.1,9.3,0,0,4.1,9.3,3,3.9,6.2,3.4,9.6,2.1,0.7,0.5,2.7,5.5,11.2,9,NA,NA,NA,2015,"http://www.basketball-reference.com/players/m/milutni01.html"
"Nikola Milutinov",20.5809360730594,"2015-16",11.7,1.7,2.8,0,0,1.7,2.8,0.597,0.9,1.4,1.6,1.5,3.1,0.6,0.4,0.7,0.6,2,4.2,504,5.1,8.5,0,0,5.1,8.5,2.9,4.4,4.8,4.7,9.5,1.9,1.4,2.3,1.7,6.3,13,43,NA,NA,NA,2015,"http://www.basketball-reference.com/players/m/milutni01.html"
"Nikola Milutinov",20.5809360730594,"2016-17",11,1.1,2.5,0,0,1.1,2.5,0.45,0.8,1,1.6,1.3,2.9,0.5,0.5,0.7,0.9,1.9,3,264,3.7,8.2,0,0.1,3.7,8,2.6,3.4,5.2,4.2,9.4,1.6,1.5,2.2,2.9,6.1,10,24,NA,NA,NA,2015,"http://www.basketball-reference.com/players/m/milutni01.html"
"Nikola Radicevic",21.1013698630137,"2012-13",5.9,0.4,2.2,0,0.3,0.4,1.9,0.182,0.4,0.5,0.1,0.2,0.3,0.9,0.2,0,1.1,1.1,1.2,59,2.4,13.4,0,1.8,2.4,11.6,2.4,3.1,0.6,1.2,1.8,5.5,1.2,0,6.7,6.7,7.3,10,NA,NA,NA,2015,"http://www.basketball-reference.com/players/r/radicni01.html"
"Nikola Radicevic",21.1013698630137,"2013-14",8.1,1.1,2.6,0.2,0.9,0.9,1.7,0.467,0.8,1,0.1,0.6,0.7,0.7,0.1,0,0.7,0.9,3.2,146,4.9,11.3,0.7,3.9,4.2,7.4,3.5,4.4,0.2,2.7,3,3,0.5,0,3,3.9,14.1,18,NA,NA,NA,2015,"http://www.basketball-reference.com/players/r/radicni01.html"
"Nikola Radicevic",21.1013698630137,"2014-15",21.3,2.7,6.6,0.7,2.3,2,4.3,0.466,1.1,1.7,0.2,2.1,2.3,3.2,0.8,0,1.8,1.8,7.2,1042,4.6,11.1,1.2,3.8,3.4,7.3,1.8,2.8,0.3,3.6,3.9,5.4,1.4,0,3,3.1,12.2,49,NA,NA,NA,2015,"http://www.basketball-reference.com/players/r/radicni01.html"
"Nikola Radicevic",21.1013698630137,"2015-16",6,1.5,3.5,0,1,1.5,2.5,0.429,0,0.5,0,0,0,0.5,0,0,0,1,3,12,9,21,0,6,9,15,0,3,0,0,0,3,0,0,0,6,18,2,NA,NA,NA,2015,"http://www.basketball-reference.com/players/r/radicni01.html"
"Nikola Radicevic",21.1013698630137,"2016-17",22.6,3.3,8.1,0.7,2.3,2.6,5.8,0.451,1.5,2.1,0.2,1.9,2.1,2.6,1,0,2,1.7,8.8,226,5.3,12.9,1.1,3.7,4.1,9.2,2.4,3.3,0.3,3,3.3,4.1,1.6,0,3.2,2.7,14,10,NA,NA,NA,2015,"http://www.basketball-reference.com/players/r/radicni01.html"
"Paulao Prestes",22.290296803653,"2007-08",8.6,1.3,2.1,0,0,1.3,2.1,0.6,1.9,2.3,1.3,1.4,2.7,0,0.3,0.6,0.6,1.1,4.4,60,5.4,9,0,0,5.4,9,7.8,9.6,5.4,6,11.4,0,1.2,2.4,2.4,4.8,18.6,7,NA,NA,NA,2010,"http://www.basketball-reference.com/players/p/prestpa01.html"
"Paulao Prestes",22.290296803653,"2008-09",23,5,5,0,0,5,5,1,0,0,3,5,8,0,0,0,0,2,10,23,7.8,7.8,0,0,7.8,7.8,0,0,4.7,7.8,12.5,0,0,0,0,3.1,15.7,1,NA,NA,NA,2010,"http://www.basketball-reference.com/players/p/prestpa01.html"
"Paulao Prestes",22.290296803653,"2009-10",24.1,4,7,0,0,4,7,0.574,1.2,1.8,3,4.3,7.3,0.5,0.8,0.7,1.4,2.3,9.2,675,6,10.4,0,0,6,10.4,1.8,2.6,4.4,6.5,10.9,0.7,1.1,1,2,3.4,13.8,28,NA,NA,NA,2010,"http://www.basketball-reference.com/players/p/prestpa01.html"
"Paulao Prestes",22.290296803653,"2010-11",20.3,2.9,5.9,0,0,2.9,5.9,0.495,1.4,1.7,2.5,2.8,5.3,0.4,0.3,0.5,1.1,2.5,7.3,690,5.2,10.4,0,0,5.2,10.4,2.6,3.1,4.4,5,9.4,0.7,0.5,0.9,2,4.5,12.9,34,NA,NA,NA,2010,"http://www.basketball-reference.com/players/p/prestpa01.html"
"Paulao Prestes",22.290296803653,"2012-13",11.3,1.9,4.1,0,0,1.9,4.1,0.448,0.6,1,1.4,2.4,3.9,0.1,0.3,0,1.1,2.3,4.3,79,5.9,13.2,0,0,5.9,13.2,1.8,3.2,4.6,7.7,12.3,0.5,0.9,0,3.6,7.3,13.7,7,NA,NA,NA,2010,"http://www.basketball-reference.com/players/p/prestpa01.html"
"Petr Cornelie",20.1506849315068,"2013-14",2,0,0,0,0,0,0,NA,0,0,0,0,0,0,0,0,0.5,0,0,4,0,0,0,0,0,0,0,0,0,0,0,0,0,0,9,0,0,2,NA,NA,NA,2016,"http://www.basketball-reference.com/players/c/cornepe01.html"
"Petr Cornelie",20.1506849315068,"2014-15",16.3,1.7,3.3,0.4,1.1,1.3,2.2,0.563,0.1,0.3,1.3,3.1,4.5,0.5,0.3,0.8,0.5,2.3,3.9,392,3.7,7.3,0.9,2.5,2.8,4.9,0.3,0.6,2.9,6.9,9.8,1.1,0.6,1.8,1,5.1,8.5,24,NA,NA,NA,2016,"http://www.basketball-reference.com/players/c/cornepe01.html"
"Petr Cornelie",20.1506849315068,"2015-16",19.8,3.2,6.4,0.9,2.1,2.3,4.3,0.573,1.3,1.9,1.8,3.6,5.4,0.3,0.3,0.5,1.3,2.8,8.7,850,5.8,11.6,1.7,3.9,4.2,7.8,2.5,3.5,3.3,6.6,9.8,0.6,0.6,1,2.3,5.1,15.8,43,NA,NA,NA,2016,"http://www.basketball-reference.com/players/c/cornepe01.html"
"Petr Cornelie",20.1506849315068,"2016-17",13.3,1.8,4.5,0.1,1.5,1.8,3,0.417,0.3,0.3,1.3,1.7,3,0.5,0.1,0.7,0.7,1.4,4,159,5,12.2,0.2,4.1,4.8,8.2,0.7,0.7,3.6,4.5,8.2,1.4,0.2,1.8,1.8,3.8,10.9,12,NA,NA,NA,2016,"http://www.basketball-reference.com/players/c/cornepe01.html"
"Ryan Richards",19.1041095890411,"2012-13",12.2,1.6,2.4,0,0,1.6,2.4,0.667,1.2,1.6,0.8,1.8,2.6,0.2,0,0.6,1,1.8,4.4,61,4.7,7.1,0,0,4.7,7.1,3.5,4.7,2.4,5.3,7.7,0.6,0,1.8,3,5.3,13,5,NA,NA,NA,2010,"http://www.basketball-reference.com/players/r/richary01.html"
"Ryan Richards",19.1041095890411,"2013-14",24.8,3.4,9.2,1.2,4.1,2.2,5.1,0.431,1.6,2.8,1.5,3.4,4.9,0.6,0.4,0.2,1.6,2.7,9.5,472,4.9,13.3,1.7,5.9,3.2,7.3,2.4,4,2.2,5,7.2,0.9,0.6,0.3,2.4,3.9,13.8,19,NA,NA,NA,2010,"http://www.basketball-reference.com/players/r/richary01.html"
"Tomislav Zubcic",22.3998858447489,"2008-09",6,0,1.3,0,0.7,0,0.7,0,1,1.3,0.3,1,1.3,0,0.7,0,0.7,0.7,1,18,0,8,0,4,0,4,6,8,2,6,8,0,4,0,4,4,6,3,NA,NA,NA,2012,"http://www.basketball-reference.com/players/z/zubcito01.html"
"Tomislav Zubcic",22.3998858447489,"2009-10",8.9,0.7,3,0.3,1.4,0.4,1.6,0.286,0.1,0.2,0.4,1.3,1.6,0.1,0.4,0.1,0.3,1,1.8,125,2.9,12.1,1.2,5.5,1.7,6.6,0.3,0.9,1.4,5.2,6.6,0.6,1.4,0.3,1.2,4,7.2,14,NA,NA,NA,2012,"http://www.basketball-reference.com/players/z/zubcito01.html"
"Tomislav Zubcic",22.3998858447489,"2010-11",24.7,3.1,7,0.8,2.3,2.3,4.7,0.5,2,2.6,1.7,3.4,5.1,0.9,0.6,0.1,1.8,2.2,9,247,4.5,10.2,1.2,3.4,3.4,6.9,2.9,3.8,2.5,5,7.4,1.3,0.9,0.1,2.6,3.2,13.1,10,NA,NA,NA,2012,"http://www.basketball-reference.com/players/z/zubcito01.html"
"Tomislav Zubcic",22.3998858447489,"2011-12",20.3,1.8,5.5,0.8,2.8,1,2.7,0.409,0.7,1.2,1.7,2.8,4.5,2,0.3,0.2,1.8,2.8,5.2,122,3.2,9.7,1.5,5,1.8,4.7,1.2,2.1,3,5,8,3.5,0.6,0.3,3.2,5,9.1,6,NA,NA,NA,2012,"http://www.basketball-reference.com/players/z/zubcito01.html"
"Tomislav Zubcic",22.3998858447489,"2012-13",23.5,3.3,7.3,0.5,2.3,2.8,5,0.483,2.8,3.3,1.8,2,3.8,2,1,0,0.8,2.3,9.8,94,5,11.1,0.8,3.4,4.2,7.7,4.2,5,2.7,3.1,5.7,3.1,1.5,0,1.1,3.4,14.9,4,NA,NA,NA,2012,"http://www.basketball-reference.com/players/z/zubcito01.html"
"Tomislav Zubcic",22.3998858447489,"2013-14",21.1,2.7,6.6,1.1,3.3,1.6,3.3,0.49,1.2,1.6,1.3,2.8,4.1,1.3,0.5,0.2,1.1,2.1,7.6,338,4.6,11.2,1.8,5.5,2.8,5.6,2,2.8,2.2,4.8,7,2.1,0.9,0.3,1.9,3.6,13,16,NA,NA,NA,2012,"http://www.basketball-reference.com/players/z/zubcito01.html"
"Tomislav Zubcic",22.3998858447489,"2014-15",18.8,2.7,6.3,1.4,3.8,1.3,2.5,0.539,1.1,1.3,1.4,2.2,3.6,0.9,0.7,0.2,0.9,2.1,7.9,339,5.2,12.1,2.7,7.3,2.5,4.8,2,2.5,2.7,4.2,6.9,1.7,1.3,0.3,1.8,4,15.1,18,NA,NA,NA,2012,"http://www.basketball-reference.com/players/z/zubcito01.html"
"Tomislav Zubcic",22.3998858447489,"2015-16",22,3.5,7.5,1,4.5,2.5,3,0.533,1.5,2,1,4.5,5.5,0.5,1,0,1.5,3,9.5,44,5.7,12.3,1.6,7.4,4.1,4.9,2.5,3.3,1.6,7.4,9,0.8,1.6,0,2.5,4.9,15.5,2,NA,NA,NA,2012,"http://www.basketball-reference.com/players/z/zubcito01.html"
"Tomislav Zubcic",22.3998858447489,"2016-17",22.5,2.5,5.5,1,3,1.5,2.5,0.545,2.5,3.5,0,3,3,4,1.5,0,1,2.5,8.5,45,4,8.8,1.6,4.8,2.4,4,4,5.6,0,4.8,4.8,6.4,2.4,0,1.6,4,13.6,2,NA,NA,NA,2012,"http://www.basketball-reference.com/players/z/zubcito01.html"
"Vasilije Micic",20.3807077625571,"2014-15",15.9,2.7,6,0.7,1.8,2,4.2,0.515,1.3,2,0.3,1.2,1.5,2.7,0.5,0.1,2.3,1.5,7.5,175,6.2,13.6,1.6,4.1,4.5,9.5,2.9,4.5,0.6,2.7,3.3,6.2,1.2,0.2,5.1,3.5,16.9,11,NA,NA,NA,2014,"http://www.basketball-reference.com/players/m/micicva01.html"
"Vasilije Micic",20.3807077625571,"2015-16",15.3,1.4,4.5,0.6,1.9,0.8,2.6,0.384,1.1,1.5,0.2,1.3,1.6,3,0.3,0.2,1.9,2.2,4.6,322,3.4,10.6,1.5,4.5,1.9,6.1,2.6,3.5,0.6,3.1,3.7,7.2,0.7,0.4,4.4,5.1,10.7,21,NA,NA,NA,2014,"http://www.basketball-reference.com/players/m/micicva01.html"
