"Player","VORP","G","GS","MP","draftYear","link"
"Karl-Anthony Towns",4.1,"109","109","3582",2015,"http://www.basketball-reference.com/players/t/townska01.html"
"Kristaps Porzingis",1.8,"99","99","2982",2015,"http://www.basketball-reference.com/players/p/porzikr01.html"
"Willie Cauley-Stein",0.9,"89","39","1704",2015,"http://www.basketball-reference.com/players/c/caulewi01.html"
"Myles Turner",0.9,"88","58","2188",2015,"http://www.basketball-reference.com/players/t/turnemy01.html"
"Larry Nance Jr.",0.8,"90","22","1873",2015,"http://www.basketball-reference.com/players/n/nancela02.html"
"Josh Richardson",0.8,"70","12","1622",2015,"http://www.basketball-reference.com/players/r/richajo01.html"
"Norman Powell",0.7,"72","29","1058",2015,"http://www.basketball-reference.com/players/p/powelno01.html"
"Justise Winslow",0.7,"90","17","2637",2015,"http://www.basketball-reference.com/players/w/winslju01.html"
"Richaun Holmes",0.5,"72","3","1039",2015,"http://www.basketball-reference.com/players/h/holmeri01.html"
"Frank Kaminsky",0.5,"107","9","2366",2015,"http://www.basketball-reference.com/players/k/kaminfr01.html"
"Sam Dekker",0.4,"31","0","532",2015,"http://www.basketball-reference.com/players/d/dekkesa01.html"
"Rondae Hollis-Jefferson",0.4,"52","31","1131",2015,"http://www.basketball-reference.com/players/h/holliro01.html"
"D'Angelo Russell",0.3,"97","65","2693",2015,"http://www.basketball-reference.com/players/r/russeda01.html"
"Kevon Looney",0.2,"29","2","231",2015,"http://www.basketball-reference.com/players/l/looneke01.html"
"Montrezl Harrell",0.1,"58","1","634",2015,"http://www.basketball-reference.com/players/h/harremo01.html"
"Willy Hernangomez",0.1,"22","0","318",2015,"http://www.basketball-reference.com/players/h/hernawi01.html"
"Cameron Payne",0.1,"57","1","698",2015,"http://www.basketball-reference.com/players/p/payneca01.html"
"Delon Wright",0.1,"27","1","229",2015,"http://www.basketball-reference.com/players/w/wrighde01.html"
"Justin Anderson",0,"82","11","1147",2015,"http://www.basketball-reference.com/players/a/anderju01.html"
"Rakeem Christmas",0,"4","0","20",2015,"http://www.basketball-reference.com/players/c/chrisra01.html"
"Branden Dawson",0,"6","0","29",2015,"http://www.basketball-reference.com/players/d/dawsobr01.html"
"Andrew Harrison",0,"28","12","757",2015,"http://www.basketball-reference.com/players/h/harrian01.html"
"Chris McCullough",0,"33","4","411",2015,"http://www.basketball-reference.com/players/m/mcculch01.html"
"R.J. Hunter",-0.1,"39","0","324",2015,"http://www.basketball-reference.com/players/h/hunterj01.html"
"Stanley Johnson",-0.1,"99","6","2057",2015,"http://www.basketball-reference.com/players/j/johnsst04.html"
"Trey Lyles",-0.1,"108","36","1989",2015,"http://www.basketball-reference.com/players/l/lylestr01.html"
"Jordan Mickey",-0.1,"25","0","125",2015,"http://www.basketball-reference.com/players/m/mickejo01.html"
"Pat Connaughton",-0.2,"46","0","208",2015,"http://www.basketball-reference.com/players/c/connapa01.html"
"Tyus Jones",-0.2,"55","0","781",2015,"http://www.basketball-reference.com/players/j/jonesty01.html"
"Darrun Hilliard",-0.3,"57","3","609",2015,"http://www.basketball-reference.com/players/h/hillida01.html"
"Terry Rozier",-0.3,"66","0","829",2015,"http://www.basketball-reference.com/players/r/roziete01.html"
"Bobby Portis",-0.4,"83","4","1360",2015,"http://www.basketball-reference.com/players/p/portibo01.html"
"Joe Young",-0.4,"57","0","483",2015,"http://www.basketball-reference.com/players/y/youngjo01.html"
"Anthony Brown",-0.5,"38","11","742",2015,"http://www.basketball-reference.com/players/b/brownan02.html"
"Jerian Grant",-0.5,"95","10","1509",2015,"http://www.basketball-reference.com/players/g/grantje02.html"
"Jarell Martin",-0.5,"55","2","805",2015,"http://www.basketball-reference.com/players/m/martija01.html"
"Mario Hezonja",-0.7,"97","9","1598",2015,"http://www.basketball-reference.com/players/h/hezonma01.html"
"Kelly Oubre",-0.7,"88","10","1138",2015,"http://www.basketball-reference.com/players/o/oubreke01.html"
"Jahlil Okafor",-0.9,"76","58","2120",2015,"http://www.basketball-reference.com/players/o/okafoja01.html"
"Devin Booker",-1,"103","78","2999",2015,"http://www.basketball-reference.com/players/b/bookede01.html"
"Rashad Vaughn",-1.1,"83","6","1151",2015,"http://www.basketball-reference.com/players/v/vaughra01.html"
"Emmanuel Mudiay",-1.5,"95","93","2872",2015,"http://www.basketball-reference.com/players/m/mudiaem01.html"
"Nikola Jokic",4.1,"105","66","2335",2014,"http://www.basketball-reference.com/players/j/jokicni01.html"
"Marcus Smart",2.7,"152","57","4207",2014,"http://www.basketball-reference.com/players/s/smartma01.html"
"Rodney Hood",2.5,"153","124","4338",2014,"http://www.basketball-reference.com/players/h/hoodro01.html"
"Aaron Gordon",1.7,"154","66","3415",2014,"http://www.basketball-reference.com/players/g/gordoaa01.html"
"Elfrid Payton",1.6,"184","148","5460",2014,"http://www.basketball-reference.com/players/p/paytoel01.html"
"Kyle Anderson",1.4,"135","26","1921",2014,"http://www.basketball-reference.com/players/a/anderky01.html"
"Clint Capela",1.3,"117","63","2247",2014,"http://www.basketball-reference.com/players/c/capelca01.html"
"Gary Harris",1.1,"139","89","3367",2014,"http://www.basketball-reference.com/players/h/harriga01.html"
"Dwight Powell",1.1,"126","3","1823",2014,"http://www.basketball-reference.com/players/p/poweldw01.html"
"Jordan Clarkson",0.8,"168","120","4885",2014,"http://www.basketball-reference.com/players/c/clarkjo01.html"
"Jusuf Nurkic",0.7,"121","55","2194",2014,"http://www.basketball-reference.com/players/n/nurkiju01.html"
"Joel Embiid",0.5,"18","18","436",2014,"http://www.basketball-reference.com/players/e/embiijo01.html"
"Jabari Parker",0.4,"126","122","3958",2014,"http://www.basketball-reference.com/players/p/parkeja01.html"
"T.J. Warren",0.3,"102","18","2129",2014,"http://www.basketball-reference.com/players/w/warretj01.html"
"Jordan Adams",0.1,"32","0","263",2014,"http://www.basketball-reference.com/players/a/adamsjo01.html"
"Jarnell Stokes",0.1,"28","2","151",2014,"http://www.basketball-reference.com/players/s/stokeja01.html"
"Thanasis Antetokounmpo",0,"2","0","6",2014,"http://www.basketball-reference.com/players/a/antetth01.html"
"Walter Tavares",0,"12","0","77",2014,"http://www.basketball-reference.com/players/t/tavarwa01.html"
"Josh Huestis",-0.1,"5","0","55",2014,"http://www.basketball-reference.com/players/h/huestjo01.html"
"Russ Smith",-0.1,"27","0","131",2014,"http://www.basketball-reference.com/players/s/smithru01.html"
"Cameron Bairstow",-0.2,"36","3","167",2014,"http://www.basketball-reference.com/players/b/bairsca01.html"
"Bruno Caboclo",-0.2,"18","1","82",2014,"http://www.basketball-reference.com/players/c/cabocbr01.html"
"Jerami Grant",-0.2,"169","65","3995",2014,"http://www.basketball-reference.com/players/g/grantje01.html"
"Damien Inglis",-0.2,"20","1","156",2014,"http://www.basketball-reference.com/players/i/inglida01.html"
"Mitch McGary",-0.2,"52","2","557",2014,"http://www.basketball-reference.com/players/m/mcgarmi01.html"
"C.J. Wilcox",-0.2,"54","0","325",2014,"http://www.basketball-reference.com/players/w/wilcocj01.html"
"Markel Brown",-0.3,"109","35","1763",2014,"http://www.basketball-reference.com/players/b/brownma02.html"
"Nick Johnson",-0.3,"28","0","262",2014,"http://www.basketball-reference.com/players/j/johnsni01.html"
"Zach LaVine",-0.3,"185","99","5181",2014,"http://www.basketball-reference.com/players/l/lavinza01.html"
"Devyn Marble",-0.3,"44","7","457",2014,"http://www.basketball-reference.com/players/m/marblde01.html"
"Jordan McRae",-0.3,"38","1","339",2014,"http://www.basketball-reference.com/players/m/mcraejo01.html"
"Lamar Patterson",-0.3,"35","0","395",2014,"http://www.basketball-reference.com/players/p/pattela01.html"
"James Young",-0.3,"71","0","595",2014,"http://www.basketball-reference.com/players/y/youngja01.html"
"Spencer Dinwiddie",-0.4,"50","1","646",2014,"http://www.basketball-reference.com/players/d/dinwisp01.html"
"Joe Harris",-0.4,"82","1","1143",2014,"http://www.basketball-reference.com/players/h/harrijo01.html"
"Cory Jefferson",-0.4,"58","1","581",2014,"http://www.basketball-reference.com/players/j/jeffeco01.html"
"Dario Saric",-0.4,"27","10","648",2014,"http://www.basketball-reference.com/players/s/saricda01.html"
"Semaj Christon",-0.5,"27","0","405",2014,"http://www.basketball-reference.com/players/c/chrisse01.html"
"K.J. McDaniels",-0.5,"115","16","1757",2014,"http://www.basketball-reference.com/players/m/mcdankj01.html"
"Shabazz Napier",-0.5,"123","10","1711",2014,"http://www.basketball-reference.com/players/n/napiesh01.html"
"Glenn Robinson",-0.5,"107","15","1327",2014,"http://www.basketball-reference.com/players/r/robingl02.html"
"Andrew Wiggins",-0.5,"190","190","6807",2014,"http://www.basketball-reference.com/players/w/wiggian01.html"
"Julius Randle",-0.7,"109","87","3073",2014,"http://www.basketball-reference.com/players/r/randlju01.html"
"Cleanthony Early",-0.8,"56","9","801",2014,"http://www.basketball-reference.com/players/e/earlycl01.html"
"Dante Exum",-0.8,"109","56","2373",2014,"http://www.basketball-reference.com/players/e/exumda01.html"
"P.J. Hairston",-1,"111","54","2000",2014,"http://www.basketball-reference.com/players/h/hairspj02.html"
"Tyler Ennis",-1.1,"96","8","1195",2014,"http://www.basketball-reference.com/players/e/ennisty01.html"
"Doug McDermott",-1.1,"132","4","2551",2014,"http://www.basketball-reference.com/players/m/mcderdo01.html"
"Adreian Payne",-1.2,"93","24","1309",2014,"http://www.basketball-reference.com/players/p/paynead01.html"
"Nik Stauskas",-1.2,"172","39","3615",2014,"http://www.basketball-reference.com/players/s/stausni01.html"
"Noah Vonleh",-1.3,"126","60","1705",2014,"http://www.basketball-reference.com/players/v/vonleno01.html"
"Johnny O'Bryant",-1.5,"100","19","1225",2014,"http://www.basketball-reference.com/players/o/obryajo01.html"
"Rudy Gobert",8.6,"216","125","5436",2013,"http://www.basketball-reference.com/players/g/goberru01.html"
"Giannis Antetokounmpo",7.5,"263","198","8128",2013,"http://www.basketball-reference.com/players/a/antetgi01.html"
"Gorgui Dieng",6.2,"242","130","6093",2013,"http://www.basketball-reference.com/players/d/dienggo01.html"
"Mason Plumlee",6,"263","178","5900",2013,"http://www.basketball-reference.com/players/p/plumlma01.html"
"Victor Oladipo",4.4,"248","191","8261",2013,"http://www.basketball-reference.com/players/o/oladivi01.html"
"Steven Adams",4.2,"259","195","5820",2013,"http://www.basketball-reference.com/players/a/adamsst01.html"
"Kentavious Caldwell-Pope",3.9,"267","228","7918",2013,"http://www.basketball-reference.com/players/c/caldwke01.html"
"Kelly Olynyk",3.7,"224","35","4655",2013,"http://www.basketball-reference.com/players/o/olynyke01.html"
"Otto Porter",3.6,"213","113","4962",2013,"http://www.basketball-reference.com/players/p/porteot01.html"
"Cody Zeller",3.1,"242","131","5324",2013,"http://www.basketball-reference.com/players/z/zelleco01.html"
"Nerlens Noel",2.9,"144","133","4294",2013,"http://www.basketball-reference.com/players/n/noelne01.html"
"Andre Roberson",2.7,"205","179","4124",2013,"http://www.basketball-reference.com/players/r/roberan03.html"
"C.J. McCollum",2.5,"209","112","5218",2013,"http://www.basketball-reference.com/players/m/mccolcj01.html"
"Michael Carter-Williams",2.2,"193","170","6257",2013,"http://www.basketball-reference.com/players/c/cartemi01.html"
"Solomon Hill",1.6,"196","100","4220",2013,"http://www.basketball-reference.com/players/h/hillso01.html"
"Jeff Withey",1.3,"168","14","1803",2013,"http://www.basketball-reference.com/players/w/witheje01.html"
"Lucas Nogueira",1.1,"55","1","618",2013,"http://www.basketball-reference.com/players/n/noguelu01.html"
"Mike Muscala",0.9,"148","11","1876",2013,"http://www.basketball-reference.com/players/m/muscami01.html"
"Allen Crabbe",0.8,"176","18","3685",2013,"http://www.basketball-reference.com/players/c/crabbal01.html"
"James Ennis",0.8,"99","21","1805",2013,"http://www.basketball-reference.com/players/e/ennisja01.html"
"Tony Mitchell",0.1,"21","0","79",2013,"http://www.basketball-reference.com/players/m/mitchto02.html"
"Carrick Felix",0,"7","0","38",2013,"http://www.basketball-reference.com/players/f/felixca01.html"
"Jamaal Franklin",-0.1,"24","0","174",2013,"http://www.basketball-reference.com/players/f/frankja01.html"
"Grant Jerrett",-0.1,"8","0","51",2013,"http://www.basketball-reference.com/players/j/jerregr01.html"
"Ryan Kelly",-0.1,"155","59","3054",2013,"http://www.basketball-reference.com/players/k/kellyry01.html"
"Erik Murphy",-0.1,"24","0","62",2013,"http://www.basketball-reference.com/players/m/murpher01.html"
"Raul Neto",-0.1,"93","53","1552",2013,"http://www.basketball-reference.com/players/n/netora01.html"
"Reggie Bullock",-0.2,"120","2","1204",2013,"http://www.basketball-reference.com/players/b/bullore01.html"
"Joffrey Lauvergne",-0.2,"107","16","1647",2013,"http://www.basketball-reference.com/players/l/lauvejo01.html"
"Glen Rice",-0.2,"16","1","152",2013,"http://www.basketball-reference.com/players/r/ricegl02.html"
"Alex Abrines",-0.3,"21","0","253",2013,"http://www.basketball-reference.com/players/a/abrinal01.html"
"Erick Green",-0.3,"52","1","452",2013,"http://www.basketball-reference.com/players/g/greener01.html"
"Sergey Karasev",-0.3,"95","22","1110",2013,"http://www.basketball-reference.com/players/k/karasse01.html"
"Nemanja Nedovic",-0.3,"24","0","142",2013,"http://www.basketball-reference.com/players/n/nedovne01.html"
"Peyton Siva",-0.3,"24","0","224",2013,"http://www.basketball-reference.com/players/s/sivape01.html"
"Ricky Ledo",-0.4,"28","0","277",2013,"http://www.basketball-reference.com/players/l/ledori01.html"
"Lorenzo Brown",-0.5,"63","7","834",2013,"http://www.basketball-reference.com/players/b/brownlo01.html"
"Trey Burke",-0.6,"233","111","6192",2013,"http://www.basketball-reference.com/players/b/burketr01.html"
"Isaiah Canaan",-0.6,"171","60","3654",2013,"http://www.basketball-reference.com/players/c/canaais01.html"
"Shane Larkin",-0.6,"202","39","4105",2013,"http://www.basketball-reference.com/players/l/larkish01.html"
"Alex Len",-0.6,"215","102","4291",2013,"http://www.basketball-reference.com/players/l/lenal01.html"
"Ray McCallum",-0.6,"154","46","2808",2013,"http://www.basketball-reference.com/players/m/mccalra01.html"
"Ben McLemore",-0.6,"253","196","6649",2013,"http://www.basketball-reference.com/players/m/mclembe01.html"
"Dennis Schroder",-0.6,"234","44","4634",2013,"http://www.basketball-reference.com/players/s/schrode01.html"
"Nate Wolters",-0.7,"79","31","1556",2013,"http://www.basketball-reference.com/players/w/woltena01.html"
"Tony Snell",-0.9,"237","91","4649",2013,"http://www.basketball-reference.com/players/s/snellto01.html"
"Tim Hardaway",-1.1,"230","37","5060",2013,"http://www.basketball-reference.com/players/h/hardati02.html"
"Archie Goodwin",-1.4,"153","15","2212",2013,"http://www.basketball-reference.com/players/g/goodwar01.html"
"Shabazz Muhammad",-1.6,"181","13","3236",2013,"http://www.basketball-reference.com/players/m/muhamsh01.html"
"Anthony Bennett",-1.8,"147","4","1863",2013,"http://www.basketball-reference.com/players/b/bennean01.html"
"Damian Lillard",16,"350","350","12735",2012,"http://www.basketball-reference.com/players/l/lillada01.html"
"Anthony Davis",15.6,"287","282","9834",2012,"http://www.basketball-reference.com/players/d/davisan02.html"
"Draymond Green",13.8,"348","200","9042",2012,"http://www.basketball-reference.com/players/g/greendr01.html"
"Andre Drummond",6.8,"333","283","9892",2012,"http://www.basketball-reference.com/players/d/drumman01.html"
"Jae Crowder",5.8,"330","133","7143",2012,"http://www.basketball-reference.com/players/c/crowdja01.html"
"Jared Sullinger",4.3,"258","171","6414",2012,"http://www.basketball-reference.com/players/s/sullija01.html"
"Bradley Beal",4.1,"271","237","8927",2012,"http://www.basketball-reference.com/players/b/bealbr01.html"
"Khris Middleton",4.1,"267","201","8165",2012,"http://www.basketball-reference.com/players/m/middlkh01.html"
"John Henson",3.6,"280","60","5338",2012,"http://www.basketball-reference.com/players/h/hensojo01.html"
"Terrence Jones",3,"206","110","4971",2012,"http://www.basketball-reference.com/players/j/joneste01.html"
"Harrison Barnes",2.8,"335","274","9643",2012,"http://www.basketball-reference.com/players/b/barneha02.html"
"Kyle O'Quinn",2.4,"268","46","3807",2012,"http://www.basketball-reference.com/players/o/oquinky01.html"
"Maurice Harkless",2.3,"307","146","6925",2012,"http://www.basketball-reference.com/players/h/harklma01.html"
"Terrence Ross",2.3,"335","132","7757",2012,"http://www.basketball-reference.com/players/r/rosste01.html"
"Evan Fournier",2.1,"280","140","7113",2012,"http://www.basketball-reference.com/players/f/fournev01.html"
"Michael Kidd-Gilchrist",1.1,"229","225","6088",2012,"http://www.basketball-reference.com/players/k/kiddgmi01.html"
"Miles Plumlee",0.8,"247","130","4289",2012,"http://www.basketball-reference.com/players/p/plumlmi01.html"
"Tyler Zeller",0.8,"313","131","5827",2012,"http://www.basketball-reference.com/players/z/zellety01.html"
"Will Barton",0.7,"270","19","5106",2012,"http://www.basketball-reference.com/players/b/bartowi01.html"
"Jeremy Lamb",0.7,"231","9","3817",2012,"http://www.basketball-reference.com/players/l/lambje01.html"
"Festus Ezeli",0.6,"170","61","2394",2012,"http://www.basketball-reference.com/players/e/ezelife01.html"
"Justin Hamilton",0.5,"70","16","1233",2012,"http://www.basketball-reference.com/players/h/hamilju01.html"
"Quincy Acy",0.4,"225","51","3400",2012,"http://www.basketball-reference.com/players/a/acyqu01.html"
"Furkan Aldemir",0.2,"41","9","540",2012,"http://www.basketball-reference.com/players/a/aldemfu01.html"
"Bernard James",0.2,"92","13","761",2012,"http://www.basketball-reference.com/players/j/jamesbe01.html"
"Ognjen Kuzmic",0,"37","0","164",2012,"http://www.basketball-reference.com/players/k/kuzmiog01.html"
"Meyers Leonard",0,"252","30","4162",2012,"http://www.basketball-reference.com/players/l/leoname01.html"
"Fab Melo",0,"6","0","36",2012,"http://www.basketball-reference.com/players/m/melofa01.html"
"Royce White",0,"3","0","9",2012,"http://www.basketball-reference.com/players/w/whitero03.html"
"Darius Johnson-Odom",-0.1,"7","0","21",2012,"http://www.basketball-reference.com/players/j/johnsda03.html"
"Kris Joseph",-0.1,"10","0","54",2012,"http://www.basketball-reference.com/players/j/josepkr01.html"
"Kim English",-0.2,"41","0","407",2012,"http://www.basketball-reference.com/players/e/engliki01.html"
"Darius Miller",-0.2,"102","10","1460",2012,"http://www.basketball-reference.com/players/m/milleda01.html"
"Arnett Moultrie",-0.2,"59","2","729",2012,"http://www.basketball-reference.com/players/m/moultar01.html"
"Kevin Murphy",-0.2,"17","0","52",2012,"http://www.basketball-reference.com/players/m/murphke01.html"
"Kostas Papanikolaou",-0.2,"69","7","1089",2012,"http://www.basketball-reference.com/players/p/papanko01.html"
"Tomas Satoransky",-0.2,"21","2","319",2012,"http://www.basketball-reference.com/players/s/satorto01.html"
"Robbie Hummel",-0.3,"98","9","1397",2012,"http://www.basketball-reference.com/players/h/hummero01.html"
"Mike Scott",-0.3,"267","7","4162",2012,"http://www.basketball-reference.com/players/s/scottmi01.html"
"Tornike Shengelia",-0.3,"45","0","247",2012,"http://www.basketball-reference.com/players/s/shengto01.html"
"Orlando Johnson",-0.5,"103","1","1112",2012,"http://www.basketball-reference.com/players/j/johnsor01.html"
"Quincy Miller",-0.5,"69","16","934",2012,"http://www.basketball-reference.com/players/m/millequ01.html"
"Jared Cunningham",-0.6,"84","3","605",2012,"http://www.basketball-reference.com/players/c/cunnija01.html"
"John Jenkins",-0.7,"145","8","1850",2012,"http://www.basketball-reference.com/players/j/jenkijo01.html"
"Robert Sacre",-0.8,"189","35","2745",2012,"http://www.basketball-reference.com/players/s/sacrero01.html"
"Tyshawn Taylor",-0.8,"61","3","491",2012,"http://www.basketball-reference.com/players/t/tayloty01.html"
"Perry Jones",-1.1,"143","21","1675",2012,"http://www.basketball-reference.com/players/j/jonespe01.html"
"Doron Lamb",-1.2,"100","0","1272",2012,"http://www.basketball-reference.com/players/l/lambdo01.html"
"Jeffery Taylor",-1.2,"132","50","2566",2012,"http://www.basketball-reference.com/players/t/tayloje03.html"
"Marquis Teague",-1.3,"88","3","835",2012,"http://www.basketball-reference.com/players/t/teaguma01.html"
"Thomas Robinson",-1.4,"283","12","3822",2012,"http://www.basketball-reference.com/players/r/robinth01.html"
"Dion Waiters",-1.6,"305","126","8697",2012,"http://www.basketball-reference.com/players/w/waitedi01.html"
"Tony Wroten",-1.6,"145","34","3076",2012,"http://www.basketball-reference.com/players/w/wroteto01.html"
"Austin Rivers",-2.1,"300","45","6423",2012,"http://www.basketball-reference.com/players/r/riverau01.html"
"Kendall Marshall",-2.8,"160","57","3083",2012,"http://www.basketball-reference.com/players/m/marshke01.html"
"Andrew Nicholson",-3.2,"267","36","3925",2012,"http://www.basketball-reference.com/players/n/nichoan01.html"
"Kawhi Leonard",21.2,"351","324","10578",2011,"http://www.basketball-reference.com/players/l/leonaka01.html"
"Jimmy Butler",15.2,"350","246","11045",2011,"http://www.basketball-reference.com/players/b/butleji01.html"
"Kyrie Irving",14.1,"332","332","11286",2011,"http://www.basketball-reference.com/players/i/irvinky01.html"
"Kemba Walker",13.5,"391","346","13166",2011,"http://www.basketball-reference.com/players/w/walkeke02.html"
"Chandler Parsons",12.3,"346","330","11456",2011,"http://www.basketball-reference.com/players/p/parsoch01.html"
"Isaiah Thomas",11.1,"388","256","11407",2011,"http://www.basketball-reference.com/players/t/thomais02.html"
"Kenneth Faried",8.8,"375","345","9845",2011,"http://www.basketball-reference.com/players/f/farieke01.html"
"Klay Thompson",8.3,"414","377","13474",2011,"http://www.basketball-reference.com/players/t/thompkl01.html"
"Nikola Vucevic",6.7,"350","299","10463",2011,"http://www.basketball-reference.com/players/v/vucevni01.html"
"Reggie Jackson",5.1,"360","164","8694",2011,"http://www.basketball-reference.com/players/j/jacksre01.html"
"Iman Shumpert",4.2,"318","169","8065",2011,"http://www.basketball-reference.com/players/s/shumpim01.html"
"Marcus Morris",4.1,"367","169","9309",2011,"http://www.basketball-reference.com/players/m/morrima03.html"
"Tobias Harris",4,"332","246","9494",2011,"http://www.basketball-reference.com/players/h/harrito02.html"
"Tristan Thompson",3.7,"413","263","11772",2011,"http://www.basketball-reference.com/players/t/thomptr01.html"
"Markieff Morris",3.3,"398","192","10244",2011,"http://www.basketball-reference.com/players/m/morrima02.html"
"Jonas Valanciunas",3.2,"308","302","8112",2011,"http://www.basketball-reference.com/players/v/valanjo01.html"
"Nikola Mirotic",2.8,"173","43","3860",2011,"http://www.basketball-reference.com/players/m/mirotni01.html"
"Brandon Knight",2.6,"356","319","11477",2011,"http://www.basketball-reference.com/players/k/knighbr03.html"
"Cory Joseph",2.4,"310","47","5647",2011,"http://www.basketball-reference.com/players/j/josepco01.html"
"Jon Leuer",1.1,"282","45","4234",2011,"http://www.basketball-reference.com/players/l/leuerjo01.html"
"Kyle Singler",1,"327","170","7525",2011,"http://www.basketball-reference.com/players/s/singlky01.html"
"Lavoy Allen",0.9,"352","82","6372",2011,"http://www.basketball-reference.com/players/a/allenla01.html"
"Jan Vesely",0.9,"162","25","2455",2011,"http://www.basketball-reference.com/players/v/veselja01.html"
"Jordan Hamilton",0.3,"151","21","2100",2011,"http://www.basketball-reference.com/players/h/hamiljo02.html"
"Josh Harrellson",0.3,"75","4","888",2011,"http://www.basketball-reference.com/players/h/harrejo01.html"
"Davis Bertans",0.2,"22","1","247",2011,"http://www.basketball-reference.com/players/b/bertada01.html"
"Alec Burks",0.2,"259","42","5965",2011,"http://www.basketball-reference.com/players/b/burksal01.html"
"DeAndre Liggins",0.2,"74","5","637",2011,"http://www.basketball-reference.com/players/l/liggide01.html"
"Donatas Motiejunas",0.2,"214","101","4074",2011,"http://www.basketball-reference.com/players/m/motiedo01.html"
"Keith Benson",0,"3","0","9",2011,"http://www.basketball-reference.com/players/b/bensoke02.html"
"Bismack Biyombo",0,"394","171","8500",2011,"http://www.basketball-reference.com/players/b/biyombi01.html"
"Malcolm Lee",0,"36","12","534",2011,"http://www.basketball-reference.com/players/l/leema01.html"
"Travis Leslie",0,"10","0","45",2011,"http://www.basketball-reference.com/players/l/leslitr01.html"
"Vernon Macklin",0,"23","0","135",2011,"http://www.basketball-reference.com/players/m/macklve01.html"
"Tyler Honeycutt",-0.1,"24","0","120",2011,"http://www.basketball-reference.com/players/h/honeyty01.html"
"Justin Harper",-0.2,"19","0","119",2011,"http://www.basketball-reference.com/players/h/harpeju01.html"
"Chris Singleton",-0.2,"148","62","2605",2011,"http://www.basketball-reference.com/players/s/singlch01.html"
"Trey Thompkins",-0.2,"24","0","119",2011,"http://www.basketball-reference.com/players/t/thomptr02.html"
"Jordan Williams",-0.2,"43","5","635",2011,"http://www.basketball-reference.com/players/w/willijo03.html"
"JaJuan Johnson",-0.3,"36","0","298",2011,"http://www.basketball-reference.com/players/j/johnsja02.html"
"MarShon Brooks",-0.4,"164","49","2876",2011,"http://www.basketball-reference.com/players/b/brookma01.html"
"Andrew Goudelock",-0.5,"49","0","475",2011,"http://www.basketball-reference.com/players/g/goudean01.html"
"Shelvin Mack",-0.6,"303","44","5210",2011,"http://www.basketball-reference.com/players/m/macksh01.html"
"Josh Selby",-0.6,"38","0","296",2011,"http://www.basketball-reference.com/players/s/selbyjo01.html"
"E'Twaun Moore",-0.8,"332","66","5931",2011,"http://www.basketball-reference.com/players/m/mooreet01.html"
"Bojan Bogdanovic",-0.9,"183","93","4691",2011,"http://www.basketball-reference.com/players/b/bogdabo02.html"
"Nolan Smith",-0.9,"84","4","829",2011,"http://www.basketball-reference.com/players/s/smithno01.html"
"Jeremy Tyler",-1.2,"104","23","1034",2011,"http://www.basketball-reference.com/players/t/tylerje01.html"
"Charles Jenkins",-1.3,"110","29","1334",2011,"http://www.basketball-reference.com/players/j/jenkich01.html"
"Darius Morris",-1.3,"132","17","1464",2011,"http://www.basketball-reference.com/players/m/morrida01.html"
"Enes Kanter",-1.4,"401","114","8476",2011,"http://www.basketball-reference.com/players/k/kanteen01.html"
"Jimmer Fredette",-1.6,"235","7","3148",2011,"http://www.basketball-reference.com/players/f/fredeji01.html"
"Derrick Williams",-2.4,"392","110","8316",2011,"http://www.basketball-reference.com/players/w/willide02.html"
"Norris Cole",-3.8,"347","60","7893",2011,"http://www.basketball-reference.com/players/c/coleno01.html"
"Paul George",18.9,"395","347","12786",2010,"http://www.basketball-reference.com/players/g/georgpa01.html"
"John Wall",17.5,"447","435","16101",2010,"http://www.basketball-reference.com/players/w/walljo01.html"
"Greg Monroe",15.1,"481","401","14595",2010,"http://www.basketball-reference.com/players/m/monrogr01.html"
"DeMarcus Cousins",14.5,"441","419","14003",2010,"http://www.basketball-reference.com/players/c/couside01.html"
"Gordon Hayward",13.5,"464","356","14394",2010,"http://www.basketball-reference.com/players/h/haywago01.html"
"Eric Bledsoe",9.4,"380","218","10039",2010,"http://www.basketball-reference.com/players/b/bledser01.html"
"Derrick Favors",8.1,"443","259","11465",2010,"http://www.basketball-reference.com/players/f/favorde01.html"
"Ed Davis",7.9,"464","93","9777",2010,"http://www.basketball-reference.com/players/d/davised01.html"
"Patrick Patterson",7.5,"439","65","10609",2010,"http://www.basketball-reference.com/players/p/pattepa01.html"
"Trevor Booker",5.3,"418","137","8673",2010,"http://www.basketball-reference.com/players/b/booketr01.html"
"Al-Farouq Aminu",4.7,"471","265","11036",2010,"http://www.basketball-reference.com/players/a/aminual01.html"
"Lance Stephenson",3.8,"346","189","8694",2010,"http://www.basketball-reference.com/players/s/stephla01.html"
"Larry Sanders",3.1,"233","113","4622",2010,"http://www.basketball-reference.com/players/s/sandela01.html"
"Hassan Whiteside",2.9,"168","103","4313",2010,"http://www.basketball-reference.com/players/w/whiteha01.html"
"Landry Fields",2.8,"255","176","6010",2010,"http://www.basketball-reference.com/players/f/fieldla01.html"
"Cole Aldrich",2.7,"282","23","3148",2010,"http://www.basketball-reference.com/players/a/aldrico01.html"
"Wesley Johnson",2.4,"451","278","10913",2010,"http://www.basketball-reference.com/players/j/johnswe01.html"
"Jeremy Evans",2,"249","9","2621",2010,"http://www.basketball-reference.com/players/e/evansje01.html"
"Avery Bradley",1.7,"385","312","10735",2010,"http://www.basketball-reference.com/players/b/bradlav01.html"
"Quincy Pondexter",1.2,"279","47","5042",2010,"http://www.basketball-reference.com/players/p/pondequ01.html"
"Greivis Vasquez",1.1,"401","157","9520",2010,"http://www.basketball-reference.com/players/v/vasqugr01.html"
"Ekpe Udoh",1,"270","52","4564",2010,"http://www.basketball-reference.com/players/u/udohek01.html"
"Nemanja Bjelica",0.7,"85","1","1481",2010,"http://www.basketball-reference.com/players/b/bjeline01.html"
"Jerome Jordan",0.2,"65","0","491",2010,"http://www.basketball-reference.com/players/j/jordaje01.html"
"Gani Lawal",0,"1","0","2",2010,"http://www.basketball-reference.com/players/l/lawalga01.html"
"Daniel Orton",0,"51","6","542",2010,"http://www.basketball-reference.com/players/o/ortonda01.html"
"Ryan Reid",0,"5","0","17",2010,"http://www.basketball-reference.com/players/r/reidry01.html"
"Pape Sy",0,"3","0","21",2010,"http://www.basketball-reference.com/players/s/sypa01.html"
"Evan Turner",0,"498","242","14113",2010,"http://www.basketball-reference.com/players/t/turneev01.html"
"Jarvis Varnado",0,"37","0","397",2010,"http://www.basketball-reference.com/players/v/varnaja01.html"
"Darington Hobson",-0.1,"5","0","39",2010,"http://www.basketball-reference.com/players/h/hobsoda01.html"
"Hamady N'Diaye",-0.1,"33","0","157",2010,"http://www.basketball-reference.com/players/n/ndiayha01.html"
"Tibor Pleiss",-0.1,"12","0","82",2010,"http://www.basketball-reference.com/players/p/pleisti01.html"
"Andy Rautins",-0.1,"5","0","24",2010,"http://www.basketball-reference.com/players/r/rautian01.html"
"Willie Warren",-0.1,"19","0","134",2010,"http://www.basketball-reference.com/players/w/warrewi01.html"
"Solomon Alabi",-0.2,"26","0","181",2010,"http://www.basketball-reference.com/players/a/alabiso01.html"
"Craig Brackins",-0.2,"17","1","121",2010,"http://www.basketball-reference.com/players/b/brackcr01.html"
"Derrick Caracter",-0.2,"41","0","215",2010,"http://www.basketball-reference.com/players/c/caracde01.html"
"Luke Harangody",-0.3,"70","1","871",2010,"http://www.basketball-reference.com/players/h/haranlu01.html"
"Dominique Jones",-0.3,"80","4","741",2010,"http://www.basketball-reference.com/players/j/jonesdo02.html"
"Jordan Crawford",-0.4,"257","99","6348",2010,"http://www.basketball-reference.com/players/c/crawfjo02.html"
"Lazar Hayward",-0.4,"72","0","591",2010,"http://www.basketball-reference.com/players/h/haywala01.html"
"Damion James",-0.4,"39","17","623",2010,"http://www.basketball-reference.com/players/j/jamesda01.html"
"Armon Johnson",-0.4,"47","0","401",2010,"http://www.basketball-reference.com/players/j/johnsar02.html"
"Dexter Pittman",-0.4,"50","6","347",2010,"http://www.basketball-reference.com/players/p/pittmde01.html"
"Devin Ebanks",-0.5,"63","15","711",2010,"http://www.basketball-reference.com/players/e/ebankde01.html"
"James Anderson",-0.9,"247","83","4320",2010,"http://www.basketball-reference.com/players/a/anderja01.html"
"Luke Babbitt",-1,"284","49","3866",2010,"http://www.basketball-reference.com/players/b/babbilu01.html"
"Elliot Williams",-1.2,"109","2","1470",2010,"http://www.basketball-reference.com/players/w/williel01.html"
"Xavier Henry",-2.3,"185","23","2905",2010,"http://www.basketball-reference.com/players/h/henryxa01.html"
"Kevin Seraphin",-2.9,"387","31","5995",2010,"http://www.basketball-reference.com/players/s/serapke01.html"
