"PlayerId","Player","DraftAge","Position","season","mp_per_g","fg_per_g","fga_per_g","fg2_per_g","fg2a_per_g","fg3_per_g","fg3a_per_g","ft_per_g","fta_per_g","orb_per_g","drb_per_g","trb_per_g","ast_per_g","stl_per_g","blk_per_g","tov_per_g","pf_per_g","pts_per_g","sos-dum","sos","fg_per_min","fga_per_min","fg2_per_min","fg2a_per_min","fg3_per_min","fg3a_per_min","ft_per_min","fta_per_min","trb_per_min","ast_per_min","stl_per_min","blk_per_min","tov_per_min","pf_per_min","pts_per_min","fg_per_poss","fga_per_poss","fg_pct","fg2_per_poss","fg2a_per_poss","fg2_pct","fg3_per_poss","fg3a_per_poss","fg3_pct","ft_per_poss","fta_per_poss","ft_pct","trb_per_poss","ast_per_poss","stl_per_poss","blk_per_poss","tov_per_poss","pf_per_poss","pts_per_poss","poss-dum","off_rtg","def_rtg","mp","per","ts_pct","efg_pct","fg3a_per_fga_pct","fta_per_fga_pct","pprod","orb_pct","drb_pct","trb_pct","ast_pct","stl_pct","blk_pct","tov_pct","usg_pct","ws-dum","ows","dws","ws","ws_per_40","bpm-dum","obpm","dbpm","bpm","games","school_link","conf_link","Year"
2077,"DeAndre Ayton",19.4,"C","2017-18",32.2,7.8,12.3,7.4,11.3,0.4,1.1,3.8,5.2,2.7,8.1,10.8,1.4,0.5,1.8,1.8,2.5,19.7,NA,6.3,9.6,13.77,9.2,12.6,0.5,1.17,4.7,5.76,12.06,1.62,0.54,2.07,1.98,3.1,24.5,13.8,22,0.628,13.2,20.1,0.656,0.7,1.9,0.346,6.8,9.2,0.734,19.3,2.5,0.9,3.3,3.2,4.4,35.1,NA,131.3,98.2,772,32,0.665,0.644,0.088,0.419,431,11.2,28.7,20.7,9.1,0.9,6,10.8,26.1,NA,3.6,1.4,5,0.259,NA,6.6,3.6,10.1,24,"http://www.sports-reference.com/cbb/schools/arizona/2018.html","http://www.sports-reference.com/cbb/conferences/pac-12/2018.html",2018
2078,"Marvin Bagley III",18.8,"PF/C","2017-18",32.5,8.2,13.7,7.4,11.6,0.7,2.1,4.3,7,4,7.2,11.2,1.6,1,1,2.5,1.9,21.4,NA,7.64,10.1,15.12,9.1,12.78,0.9,2.34,5.3,7.74,12.42,1.71,1.08,1.17,2.7,2.3,26.4,13.8,23.1,0.599,12.6,19.6,0.643,1.3,3.5,0.354,7.4,11.9,0.621,19,2.7,1.7,1.8,4.2,3.2,36.3,NA,126.6,97.5,748,31.3,0.631,0.626,0.153,0.513,452,14.2,22.4,18.6,8.6,1.7,3.1,12.7,27.4,NA,3.3,1.4,4.7,0.252,NA,7.5,2.6,10.1,23,"http://www.sports-reference.com/cbb/schools/duke/2018.html","http://www.sports-reference.com/cbb/conferences/acc/2018.html",2018
2079,"Mohamed Bamba",19.6,"C","2017-18",30.5,5,9,4.4,7.1,0.5,1.9,2.8,4.1,3.3,7.5,10.8,0.4,0.8,4.1,1.7,2.7,13.2,NA,9.11,6.5,10.53,5.8,8.37,0.7,2.25,3.6,4.86,12.78,0.45,0.9,4.86,1.98,3.5,17.3,9.5,17.2,0.553,8.5,13.6,0.626,1,3.6,0.279,5.4,7.9,0.681,20.8,0.8,1.5,8,3.3,5.2,25.4,NA,118.7,85.3,702,28.6,0.606,0.583,0.209,0.456,293,12.5,28,20.3,2.8,1.5,14.6,13.5,21,NA,1.9,2.1,4,0.229,NA,2.2,10,12.2,23,"http://www.sports-reference.com/cbb/schools/texas/2018.html","http://www.sports-reference.com/cbb/conferences/big-12/2018.html",2018
2080,"Michael Porter Jr",19.5,"SF/PF","2017-18",2,1,1,1,1,0,0,0,0,1,1,2,0,0,0,0,0,2,NA,8.16,20,18,20,18,0,0,0,0,36,0,0,0,0,0,40,29.6,29.6,1,29.6,29.6,1,0,0,NA,0,0,NA,59.1,0,0,0,0,0,59.1,NA,209.8,87,2,82,1,1,0,0,1,63.2,52.7,57.5,0,0,0,0,25.7,NA,0,0,0,0.591,NA,22.6,-13.8,8.8,1,"http://www.sports-reference.com/cbb/schools/missouri/2018.html","http://www.sports-reference.com/cbb/conferences/sec/2018.html",2018
2081,"Collin Sexton",19,"PG","2017-18",29.7,5.8,13.4,4.4,9.5,1.3,4,5.8,7.4,1.1,2.7,3.8,3.3,1.1,0.1,2.4,2.4,18.6,NA,8.53,7.8,16.29,6,11.52,1.8,4.77,7.8,9,4.59,4.05,1.35,0.18,2.97,3.3,25.1,11,25.6,0.429,8.4,18.1,0.467,2.5,7.5,0.337,11,14.1,0.781,7.2,6.4,2.1,0.3,4.6,4.6,35.5,NA,112.8,101.7,623,23.4,0.55,0.479,0.294,0.55,385,4.3,9.5,7.1,25.2,2.1,0.5,12.5,32.4,NA,1.9,0.9,2.9,0.186,NA,5.8,0.3,6.1,21,"http://www.sports-reference.com/cbb/schools/alabama/2018.html","http://www.sports-reference.com/cbb/conferences/sec/2018.html",2018
2082,"Trae Young",19.3,"PG","2017-18",34.9,8.9,19.9,4.7,9.3,4.2,10.6,7.9,9.4,0.4,3.7,4,9.3,1.8,0.3,5.3,1.6,29.9,NA,9.75,10.2,20.52,5.4,9.63,4.8,10.98,9,9.72,4.14,9.63,1.8,0.27,5.49,1.8,34.3,13.2,29.4,0.448,7,13.8,0.509,6.2,15.7,0.393,11.6,13.9,0.838,6,13.8,2.6,0.5,7.8,2.4,44.2,NA,120.3,106.3,802,32.4,0.613,0.552,0.533,0.472,731,1.2,10.3,6.1,51.8,2.6,0.8,17.9,38.6,NA,4.3,0.9,5.2,0.258,NA,13.4,0.8,14.2,23,"http://www.sports-reference.com/cbb/schools/oklahoma/2018.html","http://www.sports-reference.com/cbb/conferences/big-12/2018.html",2018
2083,"Jaren Jackson Jr",18.3,"PF/C","2017-18",22.8,3.3,6.3,2.2,3.7,1.2,2.6,3.5,4.4,1.5,4.7,6.2,1.2,0.7,3.4,2,3.3,11.3,NA,5.42,5.9,9.9,3.8,5.85,2,4.14,6.1,6.93,9.72,1.98,1.17,5.4,3.24,5.7,19.9,8.4,15.8,0.53,5.5,9.3,0.594,2.9,6.6,0.441,8.8,11.1,0.791,15.4,3.1,1.8,8.6,5.1,8.2,28.4,NA,121.6,83.8,594,27.3,0.675,0.622,0.415,0.701,271,8.5,19.8,15,9.2,1.8,15.1,19.5,22.6,NA,1.8,1.9,3.7,0.25,NA,5.2,11.3,16.5,26,"http://www.sports-reference.com/cbb/schools/michigan-state/2018.html","http://www.sports-reference.com/cbb/conferences/big-ten/2018.html",2018
2084,"Miles Bridges",19.8,"SF/PF","2016-17",32,6.3,13,4.3,7.9,2,5.1,2.3,3.3,1.5,6.8,8.3,2.1,0.7,1.5,2.4,1.9,16.9,NA,10.5,7.9,14.67,5.4,8.82,2.5,5.76,2.8,3.69,9.36,2.34,0.72,1.71,2.61,2.3,21.1,11.6,23.9,0.486,7.9,14.4,0.55,3.7,9.4,0.389,4.1,6,0.685,15.2,3.8,1.2,2.8,4.3,3.4,31,NA,108.4,96.8,895,23.1,0.58,0.563,0.396,0.253,417,5.7,23.1,15,14.5,1.2,4.9,13.9,27.3,NA,1.8,1.7,3.6,0.16,NA,4.8,4.9,9.7,28,"http://www.sports-reference.com/cbb/schools/michigan-state/2017.html","http://www.sports-reference.com/cbb/conferences/big-ten/2017.html",2017
2084,"Miles Bridges",19.8,"SF/PF","2017-18",31,6.4,13.2,4.3,7.6,2.1,5.6,2.8,3.2,1.3,5.9,7.2,2.9,0.6,1,2.2,1.6,17.7,NA,5.42,8.2,15.39,5.6,8.82,2.7,6.57,3.7,3.69,8.37,3.33,0.72,1.17,2.52,2.1,22.8,11.8,24.4,0.483,8,14,0.568,3.8,10.4,0.369,5.2,5.9,0.888,13.4,5.3,1.2,1.8,4,3,32.7,NA,121.3,92.9,776,24.4,0.6,0.562,0.426,0.242,405,5.6,18.4,13,17.6,1.2,3.2,12.8,26.9,NA,2.7,1.8,4.5,0.233,NA,6.4,4.1,10.5,25,"http://www.sports-reference.com/cbb/schools/michigan-state/2018.html","http://www.sports-reference.com/cbb/conferences/big-ten/2018.html",2018
2085,"Mikal Bridges",21.3,"SF","2015-16",20.3,2.2,4.1,1.6,2.2,0.6,1.9,1.5,1.9,0.9,2.3,3.2,0.9,1.1,0.7,0.6,2.2,6.4,NA,9.71,4.2,7.29,3.1,3.87,1.1,3.42,2.9,3.33,5.67,1.53,1.89,1.17,1.08,4.4,12.5,6.3,12.1,0.521,4.6,6.4,0.716,1.7,5.6,0.299,4.3,5.5,0.787,9.4,2.6,3.1,1.9,1.8,6.5,18.6,NA,128.7,92.8,813,18.4,0.633,0.591,0.467,0.455,247,5.7,12.5,9.3,7.5,3.1,3.6,10.7,14.5,NA,2,1.9,3.9,0.193,NA,5.2,6.3,11.5,40,"http://www.sports-reference.com/cbb/schools/villanova/2016.html","http://www.sports-reference.com/cbb/conferences/big-east/2016.html",2016
2085,"Mikal Bridges",21.3,"SF","2016-17",29.8,3.6,6.5,2.3,3.4,1.2,3.1,1.4,1.6,1.1,3.4,4.6,2,1.7,0.9,1.3,2.3,9.8,NA,9.28,4.8,7.83,3.1,4.05,1.6,3.78,1.9,1.89,5.49,2.34,1.98,1.08,1.53,3.1,13.1,7.3,13.2,0.549,4.8,6.9,0.694,2.5,6.4,0.393,2.9,3.2,0.911,9.3,4,3.4,1.8,2.6,4.7,19.9,NA,130.4,93.3,1073,21,0.676,0.644,0.481,0.24,349,5.2,13.5,9.7,12,3.5,3.5,15.1,15.3,NA,3.1,2.4,5.5,0.205,NA,6.5,6.9,13.4,36,"http://www.sports-reference.com/cbb/schools/villanova/2017.html","http://www.sports-reference.com/cbb/conferences/big-east/2017.html",2017
2085,"Mikal Bridges",21.3,"SF","2017-18",32,5.8,11.7,3.5,6.1,2.3,5.6,2.7,3.3,1.5,4.1,5.6,2.2,1.7,1.2,1.4,1.9,16.6,NA,8.14,7.2,13.14,4.3,6.84,2.9,6.3,3.4,3.69,6.3,2.43,1.89,1.35,1.53,2.4,20.8,10.3,20.8,0.495,6.1,10.8,0.568,4.1,10,0.415,4.8,5.8,0.823,10,3.8,3,2.1,2.4,3.4,29.5,NA,129.6,98,769,25.9,0.626,0.594,0.48,0.281,376,5.7,14.6,10.3,11.3,3,3.7,9.4,22.8,NA,3,1.4,4.4,0.23,NA,7.5,4.6,12.1,24,"http://www.sports-reference.com/cbb/schools/villanova/2018.html","http://www.sports-reference.com/cbb/conferences/big-east/2018.html",2018
2086,"Robert Williams",20.2,"PF/C","2016-17",25.8,5,8.9,4.9,8.3,0.1,0.6,1.9,3.2,3,5.1,8.2,1.4,0.7,2.5,1.7,1.8,11.9,NA,7.97,7.7,12.42,7.6,11.61,0.1,0.81,2.9,4.5,11.34,1.98,0.9,3.42,2.43,2.8,18.4,11.5,20.6,0.558,11.4,19.3,0.589,0.1,1.3,0.111,4.4,7.5,0.59,18.9,3.3,1.6,5.8,4,4.3,27.6,NA,113.5,95.7,801,27.2,0.57,0.562,0.065,0.362,350,13.6,21.2,17.6,12,1.6,10.5,14.3,23.6,NA,2,1.6,3.6,0.18,NA,2.6,7.2,9.8,31,"http://www.sports-reference.com/cbb/schools/texas-am/2017.html","http://www.sports-reference.com/cbb/conferences/sec/2017.html",2017
2086,"Robert Williams",20.2,"PF/C","2017-18",25.6,4.8,7.5,4.8,7.2,0,0.4,1.1,2.3,2.6,6.8,9.5,1.6,0.9,2.4,1.9,2.3,10.7,NA,9.77,7.6,10.53,7.6,10.08,0,0.54,1.6,3.15,13.32,2.25,1.26,3.42,2.7,3.5,16.8,10.7,16.6,0.643,10.7,15.8,0.676,0,0.8,0,2.3,5,0.465,20.9,3.6,2,5.4,4.3,5,23.7,NA,113.4,87.3,487,26.2,0.624,0.643,0.049,0.301,193,11.5,26.6,19.5,12.3,2,10,18.5,19.7,NA,1,1.4,2.4,0.196,NA,2.8,9.8,12.6,19,"http://www.sports-reference.com/cbb/schools/texas-am/2018.html","http://www.sports-reference.com/cbb/conferences/sec/2018.html",2018
2087,"Kevin Knox",18.4,"SF/PF","2017-18",32.7,5,11.1,3.5,6.7,1.5,4.5,3.4,4.5,1,4.6,5.6,1.5,0.9,0.3,2.3,2.2,14.9,NA,10.01,6.1,12.24,4.3,7.38,1.8,4.95,4.2,5.04,6.12,1.62,0.99,0.27,2.61,2.7,18.3,8.7,19.3,0.449,6.1,11.6,0.525,2.6,7.7,0.336,5.9,7.9,0.752,9.7,2.5,1.6,0.4,4,3.8,25.9,NA,109.1,100.8,784,16.5,0.562,0.517,0.401,0.408,323,3.4,14.8,9.4,8.7,1.6,0.9,14.9,23,NA,1.4,1.2,2.6,0.135,NA,3.3,1.7,5,24,"http://www.sports-reference.com/cbb/schools/kentucky/2018.html","http://www.sports-reference.com/cbb/conferences/sec/2018.html",2018
2089,"Bruce Brown",21.4,"SG","2016-17",31.9,4.1,8.8,3.1,6,1,2.9,2.7,3.7,1.5,4.2,5.6,3.2,1.5,0.5,2,2.5,11.8,NA,9.57,5.1,9.99,3.8,6.75,1.3,3.24,3.4,4.14,6.39,3.6,1.71,0.63,2.25,3.2,14.9,7.9,17.1,0.459,5.9,11.6,0.513,1.9,5.6,0.347,5.3,7.1,0.744,10.9,6.2,2.9,1.1,3.9,4.9,22.9,NA,114.2,97.6,1053,20.3,0.559,0.515,0.325,0.414,411,5.6,15.3,10.5,20.7,2.9,1.9,16.1,20.9,NA,2.4,2,4.4,0.167,NA,4.4,5,9.5,33,"http://www.sports-reference.com/cbb/schools/miami-fl/2017.html","http://www.sports-reference.com/cbb/conferences/acc/2017.html",2017
2089,"Bruce Brown",21.4,"SG","2017-18",33.7,4.1,9.9,3.3,6.7,0.8,3.2,2.3,3.7,1.3,5.8,7.1,4,1.3,0.8,2.3,2.3,11.4,NA,4.65,4.9,10.62,3.9,7.2,1,3.42,2.8,3.96,7.56,4.32,1.44,0.81,2.43,2.7,13.5,7.1,17.1,0.415,5.6,11.6,0.484,1.5,5.4,0.267,4,6.4,0.629,12.3,6.9,2.3,1.4,3.9,3.9,19.6,NA,103.2,93.9,640,16.7,0.488,0.457,0.319,0.372,243,4.7,19,12.1,20.8,2.3,2.5,16.3,20.9,NA,0.8,1.4,2.2,0.137,NA,1.2,5.4,6.6,19,"http://www.sports-reference.com/cbb/schools/miami-fl/2018.html","http://www.sports-reference.com/cbb/conferences/acc/2018.html",2018
2090,"Troy Brown",18.4,"SG","2017-18",29.8,4.2,8.9,3.1,5.7,1,3.2,2.3,3,1.5,5.1,6.5,3,1.4,0.3,2.2,2.3,11.7,NA,3.45,5.6,10.8,4.2,6.84,1.4,3.87,3.1,3.69,7.92,3.69,1.62,0.36,2.61,3.1,15.7,7.9,16.8,0.469,5.9,10.7,0.552,2,6.1,0.324,4.3,5.8,0.746,12.4,5.8,2.6,0.5,4.1,4.3,22.1,NA,111.6,100.5,655,18.5,0.564,0.528,0.362,0.342,271,6,19.7,13.1,18.5,2.6,1.1,17.4,20.8,NA,1.3,1.1,2.4,0.144,NA,2.4,2.7,5.1,22,"http://www.sports-reference.com/cbb/schools/oregon/2018.html","http://www.sports-reference.com/cbb/conferences/pac-12/2018.html",2018
2091,"Lonnie Walker",19,"SG","2017-18",25.8,4,9.3,2.2,4.5,1.7,4.7,1.9,2.4,0.6,2.4,3,1.7,1,0.6,1.1,1.6,11.5,NA,4.65,6.1,12.87,3.4,6.3,2.7,6.57,2.9,3.42,4.14,2.43,1.44,0.81,1.53,2.5,17.8,8.9,20.8,0.427,5,10.2,0.49,3.9,10.7,0.367,4.2,5.5,0.768,6.7,3.9,2.3,1.3,2.4,3.6,25.9,NA,115,97.5,594,19,0.553,0.521,0.512,0.263,247,2.6,10.2,6.6,12.5,2.3,2.3,9.4,22.6,NA,1.4,1.1,2.5,0.17,NA,4,2.6,6.6,23,"http://www.sports-reference.com/cbb/schools/miami-fl/2018.html","http://www.sports-reference.com/cbb/conferences/acc/2018.html",2018
2092,"Wendell Carter Jr",18.7,"C","2017-18",26.6,5.3,8.7,4.7,7.4,0.6,1.2,3.3,4.7,3.2,6.4,9.6,1.9,0.7,2.1,1.9,2.9,14.4,NA,7.64,8,11.7,7.1,10.08,0.9,1.62,4.9,6.39,12.96,2.52,0.99,2.79,2.61,4.3,21.7,11,17.9,0.613,9.8,15.4,0.637,1.2,2.5,0.464,6.8,9.7,0.694,19.8,3.9,1.5,4.3,4,6,29.9,NA,131.5,94.3,611,30.4,0.663,0.646,0.141,0.543,323,13.8,24.3,19.4,11.6,1.5,7.6,15,22.1,NA,2.6,1.3,3.9,0.257,NA,7.4,6.5,13.9,23,"http://www.sports-reference.com/cbb/schools/duke/2018.html","http://www.sports-reference.com/cbb/conferences/acc/2018.html",2018
2093,"Hamidou Diallo",18.5,"SG","2017-18",27.2,4.1,9.6,3.4,7.4,0.7,2.3,2.5,4.1,0.9,3.3,4.2,1.5,0.9,0.3,1.7,2.8,11.5,NA,10.01,6.1,12.78,5,9.81,1,2.97,3.7,5.4,5.49,2.07,1.17,0.36,2.25,4.1,16.9,8.6,20.1,0.429,7.1,15.4,0.463,1.5,4.7,0.315,5.3,8.5,0.622,8.7,3.2,1.8,0.6,3.5,5.8,24,NA,102.9,101.1,652,14.2,0.497,0.465,0.234,0.424,260,4,12.5,8.5,11,1.8,1.2,12.6,23.5,NA,0.8,1,1.8,0.11,NA,1.1,1.9,2.9,24,"http://www.sports-reference.com/cbb/schools/kentucky/2018.html","http://www.sports-reference.com/cbb/conferences/sec/2018.html",2018
2094,"Trevon Duval",19.4,"SG","2017-18",29.6,4.4,9.7,3.7,7.1,0.7,2.6,1.7,2.9,0.5,1.5,2,6,1.5,0.2,2.7,2.7,11.3,NA,7.64,6,11.88,5.1,8.64,0.9,3.15,2.3,3.51,2.34,7.29,1.89,0.18,3.24,3.6,15.2,8.3,18.2,0.455,7,13.3,0.524,1.3,4.9,0.267,3.2,5.4,0.582,3.6,11.1,2.8,0.3,4.9,5,21,NA,110,104.3,680,15.5,0.506,0.491,0.268,0.299,303,1.9,5.1,3.6,30.6,2.8,0.6,19.3,21.4,NA,1.3,0.9,2.2,0.129,NA,2.6,0.8,3.4,23,"http://www.sports-reference.com/cbb/schools/duke/2018.html","http://www.sports-reference.com/cbb/conferences/acc/2018.html",2018
2095,"Shai Gilgeous-Alexander",19.7,"C","2017-18",31.8,4.6,9.6,4.1,8.2,0.5,1.4,3.2,3.9,0.7,3,3.7,4.5,1.7,0.5,2.7,1.7,12.8,NA,10.01,5.8,10.89,5.1,9.27,0.6,1.62,4,4.41,4.14,5.04,1.98,0.54,3.06,2.2,16.2,8.2,17.2,0.476,7.3,14.7,0.497,0.9,2.5,0.353,5.7,7,0.809,6.5,8,3,0.9,4.8,3,22.9,NA,110.6,99.6,762,19.1,0.559,0.502,0.147,0.407,325,2.6,9.7,6.4,26.8,3,1.8,18.8,21.5,NA,1.5,1.3,2.8,0.147,NA,3.8,3.6,7.5,24,"http://www.sports-reference.com/cbb/schools/kentucky/2018.html","http://www.sports-reference.com/cbb/conferences/sec/2018.html",2018
2096,"Shake Milton",19.4,"PG","2015-16",32.7,3.8,7.9,2,3.8,1.7,4.1,1.2,1.7,0.3,2.7,3,2.7,0.8,0.3,1.5,1.4,10.5,NA,4.56,4.6,8.73,2.5,4.23,2.1,4.5,1.5,1.89,3.24,2.97,0.9,0.27,1.71,1.8,12.9,7,14.6,0.477,3.8,7.1,0.53,3.2,7.5,0.426,2.3,3.2,0.725,5.5,5.1,1.5,0.5,2.8,2.7,19.5,NA,120.8,101.4,980,14.6,0.603,0.586,0.515,0.215,291,1.1,8.9,5.3,14,1.5,1,15,15.8,NA,2.1,1.5,3.5,0.144,NA,4.5,1.2,5.7,30,"http://www.sports-reference.com/cbb/schools/southern-methodist/2016.html","http://www.sports-reference.com/cbb/conferences/aac/2016.html",2016
2096,"Shake Milton",19.4,"PG","2016-17",35.4,4.3,9.9,2,4.4,2.3,5.5,2,2.6,0.4,3.7,4.1,4.5,1.3,0.3,1.8,1.5,13,NA,4.45,4.9,10.08,2.3,4.5,2.6,5.67,2.2,2.61,4.14,4.59,1.26,0.36,1.8,1.7,14.7,7.7,17.6,0.437,3.5,7.8,0.455,4.2,9.8,0.423,3.5,4.6,0.758,7.3,8.1,2.2,0.6,3.2,2.7,23.1,NA,122.4,96.6,1239,19.1,0.582,0.555,0.557,0.261,459,1.5,11.7,6.9,23.9,2.2,1.2,13.9,19.4,NA,3.5,2.4,5.9,0.192,NA,5.6,2.3,7.9,35,"http://www.sports-reference.com/cbb/schools/southern-methodist/2017.html","http://www.sports-reference.com/cbb/conferences/aac/2017.html",2017
2096,"Shake Milton",19.4,"PG","2017-18",36.4,5.6,12.5,3,6.6,2.5,5.9,4.3,5,0.6,4,4.7,4.4,1.4,0.6,2.3,1.7,18,NA,2.12,6.2,12.33,3.4,6.57,2.8,5.85,4.7,5.04,4.68,4.32,1.44,0.63,2.25,1.9,19.8,9.5,21.1,0.449,5.2,11.2,0.462,4.3,9.9,0.434,7.2,8.6,0.847,7.9,7.4,2.4,1.1,3.9,2.9,30.5,NA,123.6,97.9,800,23.9,0.606,0.551,0.471,0.405,384,2.1,13.4,7.8,24.1,2.4,2.4,13.3,24.8,NA,2.9,1.5,4.4,0.222,NA,6.2,1.5,7.7,22,"http://www.sports-reference.com/cbb/schools/southern-methodist/2018.html","http://www.sports-reference.com/cbb/conferences/aac/2018.html",2018
2097,"De'Anthony Melton",19.5,"PG/SG","2016-17",27,2.8,6.4,2.2,4.4,0.6,2.1,2.1,3,1.4,3.3,4.7,3.5,1.9,1,1.8,2.3,8.3,NA,6.4,4.2,8.55,3.3,5.85,0.9,2.7,3.2,4.05,6.3,4.59,2.52,1.35,2.34,3.3,12.3,5.9,13.6,0.437,4.7,9.2,0.51,1.2,4.3,0.284,4.5,6.4,0.706,10,7.3,4,2.2,3.8,4.8,17.6,NA,110.8,100.5,972,19.2,0.53,0.483,0.32,0.472,351,6,13.6,9.9,22.5,4,3.9,18.5,17.7,NA,1.7,1.5,3.2,0.133,NA,3,5.3,8.3,36,"http://www.sports-reference.com/cbb/schools/southern-california/2017.html","http://www.sports-reference.com/cbb/conferences/pac-12/2017.html",2017
2098,"Greyson Allen",21.2,"PG/SG","2014-15",9.2,1.3,3,0.8,1.5,0.5,1.5,1.3,1.5,0.3,0.7,1,0.4,0.3,0.1,0.4,1.2,4.4,NA,9.87,5.6,11.88,3.4,6.03,2.2,5.85,5.6,5.94,3.87,1.53,1.08,0.54,1.71,5.2,19,8.5,20,0.425,5.1,10.2,0.5,3.4,9.8,0.346,8.5,10,0.849,6.6,2.6,1.9,0.9,2.8,7.9,28.8,NA,122.2,100.3,322,19.3,0.583,0.509,0.491,0.5,138,3.5,8.9,6.4,7.8,1.9,1.5,10.3,23.5,NA,1.1,0.5,1.5,0.192,NA,5.1,0.5,5.6,35,"http://www.sports-reference.com/cbb/schools/duke/2015.html","http://www.sports-reference.com/cbb/conferences/acc/2015.html",2015
2098,"Greyson Allen",21.2,"PG/SG","2015-16",36.6,6.6,14.3,4.1,8.3,2.5,6,5.9,7,0.7,3.9,4.6,3.5,1.3,0.1,2,2.7,21.6,NA,10.59,7.3,14.04,4.5,8.1,2.7,5.94,6.4,6.93,4.5,3.51,1.26,0.18,1.98,3,23.7,10.6,22.8,0.466,6.6,13.2,0.502,4,9.6,0.417,9.4,11.2,0.837,7.3,5.6,2.1,0.2,3.2,4.4,34.6,NA,128.5,107.6,1317,26.1,0.616,0.554,0.421,0.491,733,2,11.7,6.9,19.4,2.1,0.3,10.2,26.8,NA,5.9,1.2,7.2,0.217,NA,9,0.7,9.7,36,"http://www.sports-reference.com/cbb/schools/duke/2016.html","http://www.sports-reference.com/cbb/conferences/acc/2016.html",2016
2098,"Greyson Allen",21.2,"PG/SG","2016-17",29.6,4.1,10.5,1.8,4,2.4,6.5,3.8,4.7,0.7,3.1,3.7,3.5,0.8,0.1,2.2,2.3,14.5,NA,10.91,5.6,12.78,2.4,4.86,3.2,7.92,5.1,5.67,4.5,4.23,0.9,0.09,2.61,3.1,19.5,8,20.3,0.395,3.4,7.7,0.444,4.6,12.6,0.365,7.3,9,0.811,7.2,6.8,1.5,0.1,4.2,4.4,28,NA,116.7,104.8,1007,19.3,0.569,0.508,0.622,0.445,499,2.7,11.3,7.2,21.5,1.5,0.2,14.6,25.1,NA,3,1.2,4.2,0.166,NA,6.5,0.5,7,34,"http://www.sports-reference.com/cbb/schools/duke/2017.html","http://www.sports-reference.com/cbb/conferences/acc/2017.html",2017
2098,"Greyson Allen",21.2,"PG/SG","2017-18",33.3,4.7,11,2.3,4.7,2.4,6.3,2.6,3.1,0.7,2.8,3.5,4.4,1.4,0,1.8,2.1,14.5,NA,7.64,5.7,11.88,2.8,5.13,2.9,6.75,3.1,3.42,3.78,4.77,1.53,0.09,1.98,2.6,17.4,7.8,18.2,0.431,3.9,7.8,0.495,4,10.3,0.382,4.3,5.2,0.833,5.7,7.3,2.3,0.1,3,3.5,23.9,NA,127.2,104.2,767,18.6,0.58,0.54,0.569,0.285,336,2.3,8.6,5.6,19.8,2.3,0.1,12.8,19.7,NA,2.5,1,3.5,0.18,NA,6.9,1.3,8.2,23,"http://www.sports-reference.com/cbb/schools/duke/2018.html","http://www.sports-reference.com/cbb/conferences/acc/2018.html",2018
2099,"Brandon McCoy",19.6,"PG/SG","2017-18",27.9,6.8,11.5,6.7,11.3,0.1,0.2,3.9,5.6,3,6.9,9.9,0.5,0.5,1.6,2.9,2.6,17.6,NA,0.34,9.7,14.85,9.6,14.58,0.1,0.27,5.6,7.2,12.78,0.72,0.63,2.07,3.69,3.8,25.2,13.2,22.3,0.591,13,21.9,0.594,0.2,0.4,0.4,7.6,10.8,0.701,19.2,1.1,1,3.2,5.6,5.1,34.1,NA,113.7,96.6,670,26.9,0.621,0.594,0.018,0.486,382,13.1,24.3,19.3,3.8,1,5,16.9,28.5,NA,1.9,1.3,3.2,0.194,NA,0.7,0.8,1.5,24,"http://www.sports-reference.com/cbb/schools/nevada-las-vegas/2018.html","http://www.sports-reference.com/cbb/conferences/mwc/2018.html",2018
2100,"Khyri Thomas",22.2,"SG","2015-16",18.6,2.4,5.1,1.7,3.5,0.7,1.6,0.7,1.4,0.8,2.9,3.7,1.4,1,0.1,1.1,1.9,6.2,NA,6.44,5.2,9.9,3.7,6.75,1.5,3.15,1.6,2.7,7.11,2.61,1.89,0.18,2.07,4,13.4,7.2,15.2,0.471,5.2,10.4,0.496,2,4.8,0.418,2.2,4.2,0.521,10.9,4,2.9,0.3,3.2,5.5,18.6,NA,104.9,99,634,15,0.539,0.537,0.316,0.276,214,5.1,16.4,10.9,12.7,2.9,0.5,15.8,18.1,NA,0.7,1.1,1.8,0.116,NA,1.9,3.7,5.6,34,"http://www.sports-reference.com/cbb/schools/creighton/2016.html","http://www.sports-reference.com/cbb/conferences/big-east/2016.html",2016
2100,"Khyri Thomas",22.2,"SG","2016-17",31.2,4.7,9.2,3.3,5.9,1.3,3.3,1.7,2.2,1.5,4.3,5.8,3.3,1.5,0.4,2,1.6,12.3,NA,8.95,6,10.62,4.3,6.75,1.7,3.87,2.2,2.52,6.66,3.87,1.71,0.45,2.25,2,15.8,8.2,16.2,0.505,5.9,10.3,0.568,2.3,5.9,0.393,3,3.9,0.766,10.1,5.9,2.6,0.8,3.5,2.8,21.6,NA,116.1,99,1093,19.8,0.599,0.576,0.362,0.238,457,5.8,14.5,10.4,17.1,2.6,1.4,16.1,19.3,NA,2.6,1.9,4.5,0.163,NA,5.2,5,10.1,35,"http://www.sports-reference.com/cbb/schools/creighton/2017.html","http://www.sports-reference.com/cbb/conferences/big-east/2017.html",2017
2100,"Khyri Thomas",22.2,"SG","2017-18",30.3,5.3,10.4,3.5,5.8,1.8,4.6,2.2,2.6,1,3.1,4,2.8,1.5,0.2,1.8,1.9,14.7,NA,6.04,7.1,12.33,4.6,6.84,2.4,5.49,2.9,3.15,4.77,3.33,1.71,0.27,2.07,2.5,19.4,9.5,18.6,0.514,6.3,10.3,0.609,3.3,8.3,0.396,3.9,4.7,0.825,7.2,5.1,2.6,0.4,3.1,3.4,26.2,NA,120.7,100.9,726,21,0.631,0.602,0.446,0.253,341,3.9,10.6,7.5,15.6,2.6,0.7,13.1,21.7,NA,2.1,1.2,3.3,0.181,NA,6,2.6,8.6,24,"http://www.sports-reference.com/cbb/schools/creighton/2018.html","http://www.sports-reference.com/cbb/conferences/big-east/2018.html",2018
2101,"Keita Bates-Diop",19.5,"C","2014-15",9.9,1.3,2.8,0.8,1.6,0.5,1.2,0.6,0.8,0.4,1.7,2.1,0.5,0.3,0.6,0.4,0.7,3.8,NA,7.37,5.4,10.26,3.2,5.94,2.2,4.32,2.3,3.06,7.47,1.89,1.17,2.07,1.44,2.9,15.3,8.2,17.2,0.473,4.8,10,0.481,3.3,7.2,0.462,3.5,5.2,0.679,12.6,3.2,2,3.5,2.4,4.4,23.2,NA,119.7,91.8,327,21.6,0.588,0.57,0.419,0.301,115,4.9,18.9,12.2,9.5,2,6.7,10.9,18.9,NA,0.8,0.7,1.6,0.193,NA,3.5,4.9,8.4,33,"http://www.sports-reference.com/cbb/schools/ohio-state/2015.html","http://www.sports-reference.com/cbb/conferences/big-ten/2015.html",2015
2101,"Keita Bates-Diop",19.5,"C","2015-16",31.5,4.3,9.4,3.2,6.1,1.1,3.4,2.1,2.7,1.4,4.9,6.4,1.1,0.7,1.2,1.4,1.8,11.8,NA,7.08,5.4,10.8,4,6.93,1.4,3.87,2.7,3.06,7.29,1.26,0.81,1.44,1.53,2.3,14.9,8,17.7,0.453,6,11.4,0.525,2,6.3,0.324,4,5.1,0.787,11.9,2,1.4,2.3,2.6,3.5,22.1,NA,111.5,98.8,1040,18.1,0.549,0.511,0.357,0.286,363,5.1,16.5,11,7.2,1.4,4.3,11.3,19.5,NA,1.9,1.8,3.7,0.141,NA,2.3,3.6,6,33,"http://www.sports-reference.com/cbb/schools/ohio-state/2016.html","http://www.sports-reference.com/cbb/conferences/big-ten/2016.html",2016
2101,"Keita Bates-Diop",19.5,"C","2016-17",23.3,4.1,8.2,3.8,6.6,0.3,1.7,1.1,1.6,1.3,3.9,5.2,1.3,0.2,1.3,1.6,1.4,9.7,NA,7.28,7,12.69,6.5,10.08,0.6,2.61,1.9,2.43,8.1,2.07,0.36,2.07,2.43,2.5,16.6,10.3,20.5,0.5,9.4,16.4,0.576,0.8,4.2,0.2,2.8,3.9,0.714,13,3.3,0.6,3.3,3.9,3.6,24.1,NA,104.1,100.5,210,18.8,0.539,0.52,0.203,0.189,82,6.7,17.6,12.5,12.2,0.6,6.5,14.8,22.9,NA,0.3,0.3,0.6,0.117,NA,0.7,3.8,4.5,9,"http://www.sports-reference.com/cbb/schools/ohio-state/2017.html","http://www.sports-reference.com/cbb/conferences/big-ten/2017.html",2017
2101,"Keita Bates-Diop",19.5,"C","2017-18",32.3,7.5,14.7,5.7,9.8,1.8,5,3.3,4.1,1.5,7.5,9,1.5,1,1.6,1.7,1.8,20.2,NA,8.07,9.3,16.38,7,10.89,2.2,5.49,4.1,4.5,9.99,1.71,1.08,1.8,1.89,2.3,25,13.6,26.6,0.509,10.3,17.7,0.583,3.3,9,0.364,6.1,7.4,0.821,16.3,2.8,1.7,2.9,3.1,3.3,36.4,NA,120.8,91.3,840,29.6,0.605,0.57,0.337,0.277,464,5.9,25.8,16.5,10.3,1.7,6,9.4,29.2,NA,3.1,2.1,5.2,0.249,NA,5.9,4.9,10.8,26,"http://www.sports-reference.com/cbb/schools/ohio-state/2018.html","http://www.sports-reference.com/cbb/conferences/big-ten/2018.html",2018
2102,"Justin Jackson",21.6,"SG","2016-17",27.8,3.5,8.1,2.2,4.9,1.4,3.2,2,2.9,1.8,4.3,6,0.9,0.9,0.8,1.6,2.2,10.5,NA,8.29,5.1,10.44,3.1,6.39,2,4.14,2.9,3.78,7.83,1.17,1.17,0.99,2.16,3.1,15.1,7.5,17.1,0.438,4.5,10.3,0.438,2.9,6.7,0.438,4.3,6.1,0.698,12.7,2,1.9,1.7,3.4,4.6,22.2,NA,108.4,98.6,919,17,0.555,0.524,0.393,0.36,327,7.4,16.9,12.3,6.8,1.9,2.9,14.7,20.2,NA,1.5,1.6,3.1,0.134,NA,2.1,3,5.1,33,"http://www.sports-reference.com/cbb/schools/maryland/2017.html","http://www.sports-reference.com/cbb/conferences/big-ten/2017.html",2017
2102,"Justin Jackson",21.6,"SG","2017-18",29.4,3.4,9.2,2.5,5.5,0.9,3.6,2.2,2.6,2.5,5.6,8.1,1.9,0.8,0.8,2.9,1.4,9.8,NA,7.21,4.6,11.25,3.3,6.84,1.2,4.5,3,3.24,9.9,2.34,0.99,0.99,3.6,1.9,13.4,6.8,18.5,0.366,4.9,11.2,0.443,1.8,7.3,0.25,4.4,5.3,0.828,16.3,3.8,1.6,1.6,5.9,2.7,19.8,NA,93.5,96.9,323,13.9,0.47,0.416,0.396,0.287,119,11,20.6,16.3,12.4,1.6,2.9,21.8,23.5,NA,0.1,0.6,0.7,0.087,NA,-0.6,3.6,3.1,11,"http://www.sports-reference.com/cbb/schools/maryland/2018.html","http://www.sports-reference.com/cbb/conferences/big-ten/2018.html",2018
2103,"Jarrey Foster",21.9,"SF","2015-16",17.4,1.8,4.2,1.4,2.9,0.4,1.3,0.8,1.6,1.4,2,3.4,1.3,0.3,0.4,0.9,1.6,4.9,NA,4.56,4.2,8.73,3.2,6.03,1,2.79,1.8,3.33,6.93,2.79,0.72,0.72,1.89,3.7,11.2,6.4,14.7,0.433,4.9,10.1,0.483,1.5,4.6,0.325,2.8,5.6,0.5,11.7,4.6,1.2,1.3,3.2,5.6,17,NA,108.6,99.4,523,13.5,0.491,0.484,0.315,0.378,162,10,12.3,11.2,12.5,1.2,2.5,15.7,17.2,NA,0.7,0.9,1.6,0.125,NA,2.2,2.1,4.2,30,"http://www.sports-reference.com/cbb/schools/southern-methodist/2016.html","http://www.sports-reference.com/cbb/conferences/aac/2016.html",2016
2103,"Jarrey Foster",21.9,"SF","2016-17",29.6,3.8,7.2,2.9,5.1,0.9,2.1,1.3,2.2,2.4,2.8,5.2,2.1,0.6,0.8,1.3,2.4,9.9,NA,4.45,5.2,8.73,3.9,6.12,1.3,2.61,1.8,2.7,6.3,2.61,0.72,0.99,1.53,3.2,13.4,8.1,15.2,0.533,6.1,10.7,0.57,2,4.5,0.444,2.7,4.7,0.579,11,4.6,1.3,1.7,2.7,5.1,21,NA,125.6,97.6,1005,19.4,0.6,0.598,0.295,0.311,343,9.9,10.7,10.3,13.9,1.3,3.7,13.4,16.9,NA,2.8,1.9,4.7,0.187,NA,5.3,3.7,9,34,"http://www.sports-reference.com/cbb/schools/southern-methodist/2017.html","http://www.sports-reference.com/cbb/conferences/aac/2017.html",2017
2103,"Jarrey Foster",21.9,"SF","2017-18",32.4,5.1,10.9,4.1,7.7,1.1,3.3,1.9,2.8,2.8,3.2,5.9,2.7,0.7,1.2,1.5,1.9,13.2,NA,2.12,6.3,12.15,5,8.55,1.3,3.6,2.4,3.06,6.57,2.97,0.81,1.35,1.62,2.3,16.3,9.7,20.8,0.466,7.7,14.6,0.527,2,6.2,0.323,3.7,5.3,0.698,11.3,5.1,1.4,2.3,2.8,3.6,25.1,NA,118,99.7,616,21.2,0.538,0.514,0.298,0.255,259,10.4,11.7,11.1,16.8,1.4,5.2,10.7,22.3,NA,1.7,1.1,2.8,0.18,NA,3.6,2.8,6.4,19,"http://www.sports-reference.com/cbb/schools/southern-methodist/2018.html","http://www.sports-reference.com/cbb/conferences/aac/2018.html",2018
2104,"Jalen Hudson",20.8,"SF/PF","2014-15",16.7,2.5,5.2,2,3.6,0.5,1.7,1.5,2.3,0.7,1.3,2,1.2,0.5,0.3,1.6,1.8,6.9,NA,5.32,6,11.25,4.9,7.65,1.1,3.6,3.5,4.95,4.23,2.52,1.17,0.63,3.42,4.3,16.6,9.3,19.5,0.479,7.6,13.3,0.57,1.8,6.2,0.283,5.5,8.5,0.644,7.4,4.3,2,1.2,6,6.8,25.9,NA,98.7,109,535,16,0.55,0.524,0.317,0.437,217,5.4,9,7.2,15.9,2,2.2,20.2,26.2,NA,0.6,0.3,0.9,0.069,NA,1.1,-0.1,1,32,"http://www.sports-reference.com/cbb/schools/virginia-tech/2015.html","http://www.sports-reference.com/cbb/conferences/acc/2015.html",2015
2104,"Jalen Hudson",20.8,"SF/PF","2015-16",20,2.8,7.1,2,4.7,0.8,2.3,1.9,2.9,0.6,1.7,2.3,0.6,0.6,0.1,1.4,1.9,8.4,NA,7.53,5.7,12.69,4.1,8.55,1.6,4.14,3.8,5.13,4.05,1.08,1.08,0.27,2.52,3.8,16.7,8.1,20.3,0.401,5.8,13.6,0.428,2.3,6.6,0.346,5.5,8.2,0.67,6.5,1.7,1.7,0.4,4,5.5,24,NA,96.1,106.1,700,11.8,0.497,0.457,0.328,0.405,265,3.3,9.5,6.5,6.3,1.7,0.8,14.3,24.5,NA,0.4,0.7,1.1,0.063,NA,-0.9,0.2,-0.7,35,"http://www.sports-reference.com/cbb/schools/virginia-tech/2016.html","http://www.sports-reference.com/cbb/conferences/acc/2016.html",2016
2104,"Jalen Hudson",20.8,"SF/PF","2017-18",26.4,5.3,11.5,2.8,5.5,2.5,6,2.9,4.2,0.4,3.7,4.1,1,0.8,0.5,1.3,2.1,15.8,NA,8.94,7.9,15.66,4.2,7.47,3.7,8.1,4.4,5.67,5.58,1.35,1.08,0.72,1.8,3.2,24,11.4,24.9,0.458,6.1,11.9,0.508,5.3,12.9,0.413,6.2,9,0.69,8.9,2.2,1.7,1.2,2.9,4.6,34.4,NA,115.8,102.7,634,22.7,0.589,0.565,0.52,0.364,320,1.5,16.2,8.6,8.2,1.7,2.2,9,27.8,NA,1.8,0.9,2.7,0.173,NA,5.4,0.4,5.8,24,"http://www.sports-reference.com/cbb/schools/florida/2018.html","http://www.sports-reference.com/cbb/conferences/sec/2018.html",2018
2105,"Daniel Gafford",21,"SG","2017-18",21.9,4.3,7.2,4.3,7.2,0,0,2.3,4.5,1.8,4.1,6,0.7,0.6,1.8,1,3.5,11,NA,8.56,7.9,11.79,7.9,11.79,0,0,4.3,7.47,9.81,1.17,0.99,3.06,1.62,6.4,20.1,11,18.2,0.605,11,18.2,0.605,0,0,NA,5.9,11.5,0.514,15.1,1.8,1.6,4.6,2.4,8.9,27.9,NA,119.8,100,525,25.1,0.59,0.605,0,0.634,249,9.9,21.8,15.9,6,1.6,9.9,9.3,22.9,NA,1.6,0.9,2.4,0.185,NA,2.3,5.2,7.5,24,"http://www.sports-reference.com/cbb/schools/arkansas/2018.html","http://www.sports-reference.com/cbb/conferences/sec/2018.html",2018
2106,"Chimezie Metu",21.6,"SG","2015-16",18.5,2.6,5,2.6,5,0,0,1.2,2.4,1.6,2,3.6,0.5,0.6,1.6,1.1,2.5,6.4,NA,7.64,5.6,9.72,5.6,9.72,0,0.09,2.6,4.59,7.02,0.99,1.08,3.06,2.07,5.4,13.8,7.7,14.9,0.518,7.7,14.8,0.521,0,0.1,0,3.6,7,0.513,10.8,1.6,1.7,4.7,3.2,7.5,19.1,NA,104.7,101.2,628,16.7,0.522,0.518,0.006,0.471,217,9.5,11.1,10.3,5,1.7,8.2,14.7,18.5,NA,0.7,1,1.7,0.107,NA,0,5.5,5.5,34,"http://www.sports-reference.com/cbb/schools/southern-california/2016.html","http://www.sports-reference.com/cbb/conferences/pac-12/2016.html",2016
2106,"Chimezie Metu",21.6,"SG","2016-17",31.3,5.6,10.2,5.6,10.1,0,0.1,3.6,4.8,2,5.8,7.8,1.4,0.8,1.5,2.1,2.5,14.8,NA,6.4,7.2,11.7,7.1,11.61,0,0.09,4.6,5.58,8.91,1.62,0.9,1.8,2.43,3.2,18.9,10.2,18.5,0.552,10.2,18.4,0.552,0.1,0.1,0.5,6.5,8.8,0.741,14.2,2.5,1.4,2.8,3.8,4.5,27,NA,114.6,103.1,1128,22.5,0.595,0.553,0.005,0.475,500,7.5,20.3,14,8.9,1.4,4.9,14.5,23.1,NA,2.8,1.5,4.3,0.152,NA,1.5,3,4.5,36,"http://www.sports-reference.com/cbb/schools/southern-california/2017.html","http://www.sports-reference.com/cbb/conferences/pac-12/2017.html",2017
2106,"Chimezie Metu",21.6,"SG","2017-18",29.8,6,11.8,5.5,10.7,0.4,1.1,3.5,4.5,1.9,5.6,7.5,1.7,0.8,1.7,1.8,2.7,15.8,NA,5.48,8,14.22,7.4,12.87,0.6,1.35,4.7,5.49,9.09,1.98,0.9,2.07,2.25,3.6,21.2,11.4,22.6,0.505,10.6,20.4,0.52,0.8,2.2,0.37,6.7,8.7,0.771,14.4,3.2,1.4,3.3,3.5,5.1,30.3,NA,115.3,98.5,716,24.1,0.568,0.523,0.095,0.385,355,7.5,21.7,14.6,10.9,1.4,6.6,11.6,26.2,NA,2,1.3,3.3,0.184,NA,2.1,4.1,6.2,24,"http://www.sports-reference.com/cbb/schools/southern-california/2018.html","http://www.sports-reference.com/cbb/conferences/pac-12/2018.html",2018
2107,"Jevon Carter",19.2,"PF/C","2014-15",23.8,2.7,7.5,1.3,3.2,1.4,4.4,1.3,1.7,1.1,1.2,2.3,1.8,1.9,0.1,1.2,1.9,8.1,NA,9.29,4.6,11.43,2.3,4.77,2.3,6.66,2.3,2.61,3.51,2.7,2.88,0.09,1.8,3.2,13.7,6.6,18.5,0.36,3.3,7.8,0.423,3.4,10.7,0.314,3.3,4.3,0.77,5.7,4.3,4.7,0.2,2.9,4.7,19.9,NA,108.1,96.6,832,15.6,0.486,0.451,0.58,0.231,276,4.6,7.2,5.7,14.8,4.7,0.5,12.3,18.9,NA,1.3,1.5,2.8,0.135,NA,4.4,3.2,7.6,35,"http://www.sports-reference.com/cbb/schools/west-virginia/2015.html","http://www.sports-reference.com/cbb/conferences/big-12/2015.html",2015
2107,"Jevon Carter",19.2,"PF/C","2015-16",27.7,3.2,8.3,1.9,4.2,1.3,4.1,1.9,2.6,0.7,2.1,2.9,3.3,1.7,0.3,1.7,2.4,9.5,NA,9.78,4.6,10.8,2.8,5.4,1.8,5.31,2.8,3.33,3.69,4.23,2.16,0.36,2.16,3.5,13.7,6.5,16.9,0.383,3.9,8.5,0.459,2.6,8.4,0.306,3.9,5.2,0.744,5.8,6.6,3.4,0.5,3.4,5,19.4,NA,110.8,95.2,970,15.1,0.5,0.459,0.497,0.31,344,2.7,9.7,5.9,21.2,3.4,1.2,14.8,18.6,NA,1.6,2,3.6,0.15,NA,3.7,4.2,7.9,35,"http://www.sports-reference.com/cbb/schools/west-virginia/2016.html","http://www.sports-reference.com/cbb/conferences/big-12/2016.html",2016
2107,"Jevon Carter",19.2,"PF/C","2016-17",32,4.5,10.2,2.5,5.2,1.9,5,2.6,3.4,1,3.9,5,3.7,2.5,0.2,1.8,2.6,13.5,NA,9.67,5.6,11.52,3.2,5.85,2.4,5.67,3.2,3.78,5.58,4.14,2.79,0.27,2.07,3.2,16.9,7.8,17.9,0.439,4.4,9.1,0.487,3.4,8.7,0.389,4.5,5.9,0.774,8.7,6.5,4.3,0.4,3.2,4.5,23.6,NA,120.4,89.6,1184,21.2,0.572,0.534,0.489,0.328,494,3.4,14.8,8.8,20.5,4.3,0.9,13.3,19.9,NA,3.2,3.1,6.3,0.213,NA,6.7,5.5,12.2,37,"http://www.sports-reference.com/cbb/schools/west-virginia/2017.html","http://www.sports-reference.com/cbb/conferences/big-12/2017.html",2017
2107,"Jevon Carter",19.2,"PF/C","2017-18",33.8,5.4,13.5,3.4,8,2,5.5,3.7,4.3,1,4,5,6.8,3.3,0.4,2.6,3,16.6,NA,6.96,6.4,14.4,4,8.55,2.4,5.85,4.4,4.59,5.4,7.29,3.51,0.45,2.79,3.5,19.6,8.9,22.2,0.401,5.5,13.1,0.422,3.4,9,0.371,6.1,7,0.864,8.3,11.2,5.4,0.7,4.2,4.9,27.2,NA,118.7,88.8,811,25.1,0.534,0.477,0.407,0.318,436,3.1,13.7,8,37.4,5.4,1.5,14.3,24.6,NA,2.6,2.2,4.8,0.239,NA,7.7,5.6,13.4,24,"http://www.sports-reference.com/cbb/schools/west-virginia/2018.html","http://www.sports-reference.com/cbb/conferences/big-12/2018.html",2018
2108,"Chandler Hutchinson",20.8,"PF/C","2014-15",12.3,1.1,3,0.9,2.5,0.1,0.5,0.8,1.3,0.8,1.2,2,0.8,0.5,0.1,0.5,1.4,3.1,NA,1.38,3.5,8.73,3,7.38,0.4,1.44,2.7,3.69,5.76,2.34,1.44,0.36,1.53,4.7,10.1,5.5,15.6,0.356,4.8,13.1,0.37,0.7,2.5,0.286,4.3,6.6,0.649,10.2,4.1,2.5,0.7,2.7,7.5,16.1,NA,99.6,95.4,358,12.2,0.43,0.379,0.161,0.425,105,8.1,12.3,10.3,12.5,2.5,1.4,12.5,18.9,NA,0.3,0.7,1,0.113,NA,-1.5,2.7,1.1,29,"http://www.sports-reference.com/cbb/schools/boise-state/2015.html","http://www.sports-reference.com/cbb/conferences/mwc/2015.html",2015
2108,"Chandler Hutchinson",20.8,"PF/C","2015-16",19.8,2.6,5.2,2.5,4.8,0.1,0.4,1.6,2.5,1.6,2.5,4.1,1.3,0.7,0.4,1,2.1,6.8,NA,3.12,5.2,9.45,5,8.64,0.2,0.72,3.2,4.5,7.47,2.43,1.26,0.63,1.8,4.2,13.8,7.4,14.9,0.497,7.1,13.7,0.52,0.3,1.2,0.231,4.5,7.1,0.636,11.7,3.8,1.9,1,2.9,6,19.6,NA,113,99.7,615,17.1,0.537,0.506,0.081,0.478,231,9.7,15.1,12.3,12.8,1.9,2.1,13.6,18.5,NA,1.2,1,2.2,0.145,NA,0.8,2.9,3.8,31,"http://www.sports-reference.com/cbb/schools/boise-state/2016.html","http://www.sports-reference.com/cbb/conferences/mwc/2016.html",2016
2108,"Chandler Hutchinson",20.8,"PF/C","2016-17",31.7,6.5,13.1,5.7,10.9,0.8,2.2,3.7,5.5,1.2,6.6,7.8,2.6,1.2,0.2,2.7,2.7,17.4,NA,2.72,8.2,14.85,7.1,12.42,1,2.43,4.6,6.21,8.91,2.97,1.35,0.18,3.06,3.4,22,11.6,23.4,0.495,10.1,19.6,0.519,1.5,3.9,0.377,6.6,9.9,0.665,14,4.7,2.2,0.3,4.8,4.9,31.2,NA,107.8,98.4,1014,22.4,0.555,0.526,0.165,0.421,536,4.4,23.8,14.2,19.3,2.2,0.6,14.6,28.9,NA,2.2,1.8,4,0.159,NA,1.9,2.6,4.5,32,"http://www.sports-reference.com/cbb/schools/boise-state/2017.html","http://www.sports-reference.com/cbb/conferences/mwc/2017.html",2017
2108,"Chandler Hutchinson",20.8,"PF/C","2017-18",31.1,6.7,14,5.3,10,1.4,4,5.2,7.2,0.8,6.9,7.7,3.6,1.4,0.2,3.4,2.4,19.9,NA,3.03,8.5,16.11,6.8,11.52,1.8,4.59,6.7,8.37,8.82,4.14,1.62,0.27,3.96,3.1,25.6,12.1,25.4,0.477,9.6,18.2,0.526,2.5,7.2,0.352,9.5,13.1,0.723,13.9,6.5,2.5,0.4,6.2,4.4,36.2,NA,109.7,92.2,716,25.4,0.573,0.526,0.283,0.517,450,3,25.5,14.5,24.4,2.5,0.8,16.5,33.5,NA,2,1.7,3.7,0.208,NA,3,4.2,7.2,23,"http://www.sports-reference.com/cbb/schools/boise-state/2018.html","http://www.sports-reference.com/cbb/conferences/mwc/2018.html",2018
2109,"Jontay Porter",22.3,"PG","2017-18",23.4,2.8,6.6,1.8,3.5,1,3.1,2,2.6,1.5,5.3,6.8,2,0.9,2,1.9,2.8,8.8,NA,8.16,4.8,10.08,3.1,5.31,1.8,4.77,3.5,3.96,10.44,3.15,1.35,3.06,2.97,4.8,14.9,7.2,16.6,0.43,4.5,8.7,0.518,2.6,7.9,0.333,5.2,6.5,0.79,17.1,5.2,2.2,5,4.8,7.2,22.1,NA,110.3,90.2,562,21.3,0.56,0.509,0.475,0.392,223,8.3,23.6,16.7,17.6,2.2,9,19.7,21.3,NA,1.1,1.5,2.5,0.18,NA,3,8.5,11.5,24,"http://www.sports-reference.com/cbb/schools/missouri/2018.html","http://www.sports-reference.com/cbb/conferences/sec/2018.html",2018
2110,"Markus Howard",21.7,"SG","2016-17",22,4.4,8.7,1.7,3.8,2.6,4.8,1.8,2,0.3,1.9,2.2,2.3,0.8,0.1,2,2.5,13.2,NA,8.6,8,14.22,3.2,6.3,4.8,7.92,3.3,3.33,3.69,3.69,1.35,0.09,3.33,4.6,24.1,11.2,22.2,0.506,4.5,9.8,0.454,6.8,12.4,0.547,4.6,5.2,0.889,5.7,5.8,2.1,0.2,5.2,6.5,33.9,NA,120.2,109.3,681,23.1,0.686,0.658,0.558,0.234,365,1.6,10.3,6.1,19.9,2.1,0.3,17.4,26.7,NA,2.4,0.5,2.9,0.169,NA,8.2,-1.4,6.8,31,"http://www.sports-reference.com/cbb/schools/marquette/2017.html","http://www.sports-reference.com/cbb/conferences/big-east/2017.html",2017
2110,"Markus Howard",21.7,"SG","2017-18",32.1,7.6,16.3,4.2,7.4,3.4,8.9,3.5,3.7,0.3,3.2,3.5,2.9,0.8,0.1,2.3,2.6,22,NA,8.93,9.5,18.27,5.2,8.28,4.3,9.99,4.3,4.14,3.96,3.24,0.9,0.09,2.61,3.2,27.5,13.4,28.7,0.467,7.3,13,0.565,6,15.6,0.385,6.1,6.5,0.943,6.2,5.1,1.5,0.1,4.1,4.6,38.9,NA,118.7,113.2,770,24.4,0.613,0.572,0.546,0.226,471,1.3,12.4,6.8,19.4,1.5,0.3,11.5,31.8,NA,2.9,0.3,3.2,0.168,NA,7.3,-2.2,5.1,24,"http://www.sports-reference.com/cbb/schools/marquette/2018.html","http://www.sports-reference.com/cbb/conferences/big-east/2018.html",2018
2111,"Landry Shamet",18.1,"C","2015-16",17.7,2.3,5.3,1.3,2,1,3.3,3,4,1,1.7,2.7,1.7,1.7,0.3,0.7,2.7,8.7,NA,4.24,5.3,10.89,3,4.05,2.3,6.75,6.8,8.19,5.4,3.42,3.42,0.72,1.35,6,19.6,8,18.3,0.438,4.6,6.8,0.667,3.4,11.4,0.3,10.3,13.7,0.75,9.1,5.7,5.7,1.1,2.3,9.1,29.7,NA,130.4,82.8,53,27.8,0.599,0.531,0.625,0.75,26,6.2,11.3,8.7,19.5,5.7,2.5,8.4,23.1,NA,0.2,0.2,0.4,0.298,NA,9.2,6.3,15.5,3,"http://www.sports-reference.com/cbb/schools/wichita-state/2016.html","http://www.sports-reference.com/cbb/conferences/mvc/2016.html",2016
2111,"Landry Shamet",18.1,"C","2016-17",26.7,3.8,7.9,1.8,3.4,2,4.6,1.9,2.4,0.6,2.2,2.8,3.3,0.7,0.2,1.1,2.1,11.4,NA,2.96,5.6,10.71,2.6,4.59,3,6.12,2.9,3.24,3.78,4.41,0.99,0.27,1.44,3.2,17.1,8.1,17.1,0.472,3.8,7.3,0.516,4.3,9.8,0.439,4.1,5.2,0.802,6.1,7,1.6,0.4,2.3,4.6,24.6,NA,132.1,95,961,20.2,0.629,0.598,0.573,0.301,401,2.5,8.8,5.8,22.2,1.6,0.9,10.7,18.8,NA,3.4,2,5.4,0.227,NA,7.2,2.5,9.7,36,"http://www.sports-reference.com/cbb/schools/wichita-state/2017.html","http://www.sports-reference.com/cbb/conferences/mvc/2017.html",2017
2111,"Landry Shamet",18.1,"C","2017-18",30.9,4.8,9.6,2.3,4,2.5,5.7,2.6,3.2,0.3,2.7,3,5.3,0.7,0.2,2,2,14.7,NA,4.02,6.2,11.25,2.9,4.59,3.3,6.57,3.4,3.69,3.51,6.12,0.81,0.18,2.34,2.5,19,8.7,17.4,0.498,4.1,7.2,0.571,4.6,10.3,0.446,4.7,5.8,0.822,5.4,9.6,1.3,0.3,3.7,3.6,26.7,NA,130.8,101.7,710,21.4,0.661,0.629,0.588,0.33,338,1.3,9.1,5.4,29.4,1.3,0.6,15.5,20.5,NA,2.7,1.1,3.8,0.214,NA,7.8,0.4,8.3,23,"http://www.sports-reference.com/cbb/schools/wichita-state/2018.html","http://www.sports-reference.com/cbb/conferences/aac/2018.html",2018
2112,"Nickeil Alexander-Walker",18.8,"PG","2017-18",25,3.9,8.4,2.2,3.9,1.8,4.5,1.8,2.5,0.7,3.3,4,1.6,0.8,0.6,1.7,1.7,11.4,NA,3.86,6.3,12.15,3.5,5.67,2.8,6.48,2.9,3.51,5.67,2.34,1.08,0.81,2.43,2.7,18.3,8.7,18.6,0.465,4.8,8.7,0.553,3.9,10,0.389,4.1,5.4,0.746,8.8,3.6,1.7,1.3,3.7,3.8,25.3,NA,110.3,101.8,600,17.7,0.596,0.569,0.535,0.292,256,3.5,14.4,9.4,11.2,1.7,2.5,14.8,22.5,NA,1.1,0.9,2,0.136,NA,3.1,1.9,5.1,24,"http://www.sports-reference.com/cbb/schools/virginia-tech/2018.html","http://www.sports-reference.com/cbb/conferences/acc/2018.html",2018
2113,"Austin Wiley",20.8,"PG","2016-17",18,3.2,5.4,3.2,5.4,0,0,2.4,5,2.3,2.4,4.7,0.2,0.2,1.3,1.8,2.6,8.8,NA,7.33,7.1,10.89,7.1,10.89,0,0,5.4,9.9,9.36,0.45,0.45,2.7,3.6,5.7,19.5,9.4,16.1,0.584,9.4,16.1,0.584,0,0,NA,7.2,14.6,0.491,13.9,0.6,0.6,4,5.3,7.6,25.9,NA,103.1,106.6,414,19.1,0.564,0.584,0,0.912,195,13.3,14.5,13.9,2.5,0.6,8,18.6,24.5,NA,0.6,0.4,1,0.095,NA,-1.2,1.6,0.4,23,"http://www.sports-reference.com/cbb/schools/auburn/2017.html","http://www.sports-reference.com/cbb/conferences/sec/2017.html",2017
2115,"Aaron Holiday",19.3,"PG","2015-16",31.7,3.6,9,2.3,6.1,1.2,2.9,2,2.8,0.6,2.4,3,4,1.4,0.3,2.9,3.2,10.3,NA,9.69,4.5,10.26,3,6.93,1.5,3.33,2.5,3.15,3.42,4.5,1.62,0.27,3.24,4.1,13.1,6.3,15.9,0.394,4.1,10.8,0.383,2.2,5.1,0.419,3.5,4.9,0.727,5.3,7,2.5,0.4,5.1,5.7,18.3,NA,96.1,108.1,1013,11.4,0.5,0.462,0.322,0.304,351,2,7.8,5,21.1,2.5,0.8,21.8,19.9,NA,0.5,0.9,1.4,0.054,NA,0.9,1.9,2.7,32,"http://www.sports-reference.com/cbb/schools/ucla/2016.html","http://www.sports-reference.com/cbb/conferences/pac-12/2016.html",2016
2115,"Aaron Holiday",19.3,"PG","2016-17",26.4,4.2,8.6,2.7,5,1.5,3.6,2.4,3.1,0.3,2.5,2.9,4.4,1.1,0.2,2.4,2.3,12.3,NA,6.39,6.3,11.7,4.1,6.84,2.2,4.86,3.7,4.23,3.87,5.94,1.44,0.27,3.33,3.4,18.5,8.5,17.5,0.485,5.5,10.2,0.539,3,7.3,0.411,5,6.3,0.793,5.8,8.9,2.2,0.3,4.9,4.6,25,NA,115.1,104.9,952,18.8,0.61,0.571,0.417,0.359,462,1.5,9.4,5.9,24.3,2.2,0.6,19.4,22.5,NA,2.5,1.1,3.6,0.15,NA,4.4,0.6,5,36,"http://www.sports-reference.com/cbb/schools/ucla/2017.html","http://www.sports-reference.com/cbb/conferences/pac-12/2017.html",2017
2115,"Aaron Holiday",19.3,"PG","2017-18",37,5.9,12.5,3.7,7.3,2.2,5.2,5.1,6.2,0.4,3.3,3.7,5.4,1.4,0.3,3.7,2.5,19.2,NA,5.27,6.4,12.15,4,7.11,2.4,5.04,5.5,6.03,3.6,5.31,1.44,0.27,3.51,2.7,20.7,8.9,18.8,0.472,5.5,10.9,0.506,3.3,7.8,0.425,7.7,9.2,0.831,5.5,8.1,2.1,0.4,5.5,3.7,28.7,NA,116.3,106.5,851,20.8,0.62,0.561,0.417,0.493,447,1.4,9.1,5.4,27.6,2.1,0.7,19.1,25,NA,2.5,0.9,3.4,0.16,NA,5.9,-0.2,5.7,23,"http://www.sports-reference.com/cbb/schools/ucla/2018.html","http://www.sports-reference.com/cbb/conferences/pac-12/2018.html",2018
2116,"Tyus Battle",19,"C","2016-17",30.7,3.7,8.6,2,3.8,1.8,4.8,2.1,2.6,0.3,1.8,2.1,1.7,1.3,0.2,1.1,1.9,11.3,NA,8.46,4.9,10.08,2.6,4.41,2.3,5.67,2.7,3.06,2.52,1.98,1.53,0.27,1.35,2.5,14.8,7.2,16.5,0.433,3.8,7.3,0.519,3.4,9.3,0.366,4,5,0.798,4.1,3.3,2.5,0.5,2.2,3.7,21.7,NA,116.4,109,1044,15.2,0.574,0.536,0.56,0.304,344,1.1,6.4,3.9,10.5,2.5,0.9,10.4,18.2,NA,2.1,0.8,2.9,0.112,NA,4.2,0.5,4.7,34,"http://www.sports-reference.com/cbb/schools/syracuse/2017.html","http://www.sports-reference.com/cbb/conferences/acc/2017.html",2017
2116,"Tyus Battle",19,"C","2017-18",38.5,6.7,15.9,4.6,9.3,2.1,6.6,4.2,5.1,0.4,2.6,3,1.6,1.6,0.3,2.4,2.1,19.7,NA,7.26,7,14.85,4.8,8.64,2.2,6.21,4.3,4.77,2.79,1.53,1.53,0.27,2.25,2.2,20.5,10.8,25.5,0.423,7.3,14.8,0.495,3.4,10.6,0.321,6.7,8.2,0.82,4.8,2.6,2.6,0.4,3.8,3.4,31.6,NA,109.9,100.7,924,18.5,0.539,0.49,0.417,0.32,415,1.3,7.5,4.4,10.6,2.6,0.9,11.5,27.9,NA,2,1.5,3.5,0.153,NA,3.5,0.5,4,24,"http://www.sports-reference.com/cbb/schools/syracuse/2018.html","http://www.sports-reference.com/cbb/conferences/acc/2018.html",2018
2117,"O'Shae Brissett",19.9,"SF/PF","2017-18",38,4.2,12.4,2.9,8.4,1.3,4,4.6,5.8,2.3,6.7,9,1,1.1,0.6,1.5,2.2,14.2,NA,7.26,4.4,11.7,3,8.01,1.4,3.78,4.8,5.49,8.46,0.99,1.08,0.54,1.35,2.3,15,6.8,20.1,0.337,4.7,13.7,0.342,2.1,6.4,0.326,7.5,9.4,0.791,14.6,1.7,1.8,0.9,2.4,3.5,23.1,NA,107.2,95.9,911,16.4,0.47,0.389,0.32,0.468,330,7,19.7,13.4,5.9,1.8,2.1,8.8,22.7,NA,1.4,1.9,3.3,0.145,NA,0.1,2,2.1,24,"http://www.sports-reference.com/cbb/schools/syracuse/2018.html","http://www.sports-reference.com/cbb/conferences/acc/2018.html",2018
2118,"Devontae Graham",21.2,"PG","2014-15",17.8,1.6,4,1,2.7,0.6,1.4,1.9,2.6,0.3,1.2,1.5,2.1,0.9,0,1.1,1.5,5.7,NA,12.13,3.6,8.19,2.2,5.4,1.3,2.79,4.3,5.31,2.97,4.23,1.71,0,2.34,3.4,12.7,5.3,13.6,0.393,3.4,8.9,0.377,2,4.6,0.425,6.4,8.8,0.724,5,7.1,2.9,0,3.8,5.1,19,NA,109.7,100.6,517,14.7,0.536,0.466,0.342,0.65,174,1.8,7.1,4.6,23,2.9,0,17.7,18.3,NA,0.9,0.7,1.7,0.128,NA,3.6,1.7,5.4,29,"http://www.sports-reference.com/cbb/schools/kansas/2015.html","http://www.sports-reference.com/cbb/conferences/big-12/2015.html",2015
2118,"Devontae Graham",21.2,"PG","2015-16",32.6,3.8,8.2,1.8,3.8,2,4.5,1.8,2.4,0.3,3,3.3,3.7,1.4,0.1,1.7,2.1,11.3,NA,11.22,4.7,9.09,2.2,4.14,2.4,4.95,2.2,2.61,3.69,4.05,1.62,0.18,1.89,2.6,13.9,6.7,14.5,0.46,3.2,6.6,0.483,3.5,7.9,0.441,3.1,4.2,0.744,5.9,6.5,2.5,0.2,3,3.8,19.9,NA,120.7,98.6,1238,16.8,0.604,0.58,0.543,0.288,436,1.3,9.9,5.9,19.1,2.5,0.4,15.2,16.9,NA,2.9,2.2,5.1,0.164,NA,6.2,3.7,9.9,38,"http://www.sports-reference.com/cbb/schools/kansas/2016.html","http://www.sports-reference.com/cbb/conferences/big-12/2016.html",2016
2118,"Devontae Graham",21.2,"PG","2016-17",35.3,4.4,10.2,1.8,3.5,2.6,6.7,2,2.6,0.5,2.6,3.1,4.1,1.5,0.2,1.8,1.6,13.4,NA,12.23,4.9,10.44,2,3.51,3,6.84,2.3,2.61,3.15,4.23,1.53,0.18,1.8,1.8,15.2,6.9,16.2,0.428,2.8,5.5,0.504,4.1,10.7,0.388,3.2,4.1,0.793,4.9,6.6,2.4,0.3,2.8,2.5,21.2,NA,121.7,103.4,1269,17.4,0.586,0.556,0.659,0.251,487,1.6,7.9,4.9,19.2,2.4,0.6,13.5,18,NA,3.3,1.7,4.9,0.155,NA,6.8,2.2,9,36,"http://www.sports-reference.com/cbb/schools/kansas/2017.html","http://www.sports-reference.com/cbb/conferences/big-12/2017.html",2017
2118,"Devontae Graham",21.2,"PG","2017-18",36.9,5,12.4,2,5.4,3,7,4.4,5.3,0.6,3.4,4,7.4,1.9,0.1,2.8,1.6,17.5,NA,10.2,5.5,12.15,2.2,5.22,3.3,6.84,4.8,5.13,3.87,7.2,1.8,0.09,2.7,1.8,19,7.7,18.9,0.406,3.1,8.2,0.38,4.6,10.7,0.426,6.7,8,0.835,6,11.3,2.8,0.1,4.2,2.5,26.6,NA,122.7,100.9,886,22.6,0.586,0.527,0.567,0.426,477,1.9,9.5,5.9,32.2,2.8,0.2,15.8,23.7,NA,3.2,1.4,4.7,0.21,NA,7.4,2,9.4,24,"http://www.sports-reference.com/cbb/schools/kansas/2018.html","http://www.sports-reference.com/cbb/conferences/big-12/2018.html",2018
2119,"Rawle Alkins",18.4,"C","2016-17",28,3.9,8.4,2.7,5.1,1.2,3.2,2,2.7,1.5,3.4,4.9,2.1,0.9,0.5,1.8,2.2,10.9,NA,7.63,5.5,10.71,3.8,6.57,1.7,4.14,2.9,3.51,6.39,2.61,1.17,0.63,2.34,3.1,15.6,8.2,17.7,0.463,5.7,10.9,0.521,2.5,6.8,0.37,4.2,5.8,0.733,10.5,4.4,1.9,1,3.8,4.6,23.2,NA,113.2,99.3,1037,18.1,0.566,0.534,0.385,0.327,407,7.1,13.6,10.6,14,1.9,1.8,15.8,21.2,NA,2.2,1.8,4,0.155,NA,4.5,4,8.5,37,"http://www.sports-reference.com/cbb/schools/arizona/2017.html","http://www.sports-reference.com/cbb/conferences/pac-12/2017.html",2017
2119,"Rawle Alkins",18.4,"C","2017-18",29.4,4.5,9.6,3,5.7,1.5,3.9,3.3,4.5,1.8,2.4,4.3,2.6,1.3,0.8,2.4,2.2,13.8,NA,6.3,6.1,11.7,4.1,6.93,2,4.77,4.5,5.49,5.22,3.15,1.53,0.99,2.97,2.9,18.8,8.8,18.7,0.47,5.9,11.1,0.529,2.9,7.6,0.383,6.5,8.8,0.741,8.3,5,2.4,1.6,4.7,4.2,27,NA,115.3,103.5,353,20.9,0.59,0.548,0.409,0.47,169,8.4,9.3,8.9,15.3,2.4,3,17.1,24.4,NA,0.9,0.5,1.4,0.162,NA,5.5,2.4,7.9,12,"http://www.sports-reference.com/cbb/schools/arizona/2018.html","http://www.sports-reference.com/cbb/conferences/pac-12/2018.html",2018
2120,"Andrew Jones",20.2,"SG/SF","2016-17",27.9,3.8,8.8,2.5,4.9,1.3,4,2.6,3.4,0.5,3.5,3.9,3.5,1.2,0.4,2.5,2.2,11.4,NA,12.75,5.4,11.43,3.5,6.3,1.9,5.13,3.7,4.32,5.13,4.59,1.62,0.54,3.15,3.1,16.4,7.9,18.5,0.425,5.1,10.2,0.503,2.7,8.3,0.328,5.5,7,0.775,8.2,7.4,2.6,0.9,5.1,4.6,23.9,NA,104.3,100.3,920,18,0.547,0.498,0.449,0.38,389,1.9,14,8.1,26.6,2.6,1.6,19,23.6,NA,1.4,1.5,2.8,0.123,NA,3.8,4,7.8,33,"http://www.sports-reference.com/cbb/schools/texas/2017.html","http://www.sports-reference.com/cbb/conferences/big-12/2017.html",2017
2120,"Andrew Jones",20.2,"SG/SF","2017-18",22.6,4.7,8.9,2.8,4.9,1.9,4,2.2,3,0.4,2,2.4,2,0.6,0.2,1.7,1.6,13.5,NA,9.11,8.3,14.22,5,7.83,3.4,6.39,3.9,4.77,3.78,3.15,0.99,0.36,2.7,2.8,23.9,12.2,23.1,0.528,7.3,12.7,0.571,4.9,10.4,0.475,5.7,7.8,0.733,6.2,5.2,1.6,0.5,4.4,4.2,35.1,NA,122,100.3,226,25.1,0.654,0.635,0.449,0.337,121,2,10.1,6.1,21.1,1.6,1,14.1,27.1,NA,0.8,0.4,1.2,0.215,NA,7.8,1.4,9.1,10,"http://www.sports-reference.com/cbb/schools/texas/2018.html","http://www.sports-reference.com/cbb/conferences/big-12/2018.html",2018
2121,"Nick Richards",19.5,"PF","2017-18",17.1,2.5,4,2.5,4,0,0,1.8,2.5,1.8,3.7,5.5,0.3,0.1,1.2,0.9,2.3,6.8,NA,10.01,5.7,8.37,5.7,8.37,0,0,4.3,5.13,11.52,0.72,0.18,2.52,1.8,5.3,15.8,8.1,13.2,0.615,8.1,13.2,0.615,0,0,NA,6.1,8.1,0.746,18.2,1.1,0.3,4,2.9,7.4,22.3,NA,127.2,96.4,411,22.3,0.653,0.615,0,0.615,156,12.3,22.6,17.7,3.7,0.3,8.1,14.5,17,NA,1.2,0.8,2,0.195,NA,2.6,4.6,7.2,24,"http://www.sports-reference.com/cbb/schools/kentucky/2018.html","http://www.sports-reference.com/cbb/conferences/sec/2018.html",2018
2122,"PJ Washington",22.8,"PG","2017-18",26.9,3.4,6.8,3.2,5.9,0.2,0.8,3.1,5,1.8,3.3,5,1.9,0.7,1,2,2.6,10,NA,10.01,5,9,4.8,7.92,0.2,1.08,4.6,6.75,6.75,2.52,0.99,1.35,2.61,3.8,14.9,7.1,14.2,0.5,6.8,12.5,0.542,0.4,1.8,0.2,6.6,10.6,0.62,10.6,4,1.5,2.2,4.1,5.4,21.1,NA,108.4,100.3,646,16.9,0.549,0.512,0.123,0.747,248,7.6,12.8,10.3,13.1,1.5,4.4,17.6,19.9,NA,1,1.1,2.1,0.13,NA,2.5,4.6,7.1,24,"http://www.sports-reference.com/cbb/schools/kentucky/2018.html","http://www.sports-reference.com/cbb/conferences/sec/2018.html",2018
2123,"Brian Bowen",20.2,"SG","2017-18",26.9,3.4,6.8,3.2,5.9,0.2,0.8,3.1,5,1.8,3.3,5,1.9,0.7,1,2,2.6,10,NA,10.01,5,9,4.8,7.92,0.2,1.08,4.6,6.75,6.75,2.52,0.99,1.35,2.61,3.8,14.9,7.1,14.2,0.5,6.8,12.5,0.542,0.4,1.8,0.2,6.6,10.6,0.62,10.6,4,1.5,2.2,4.1,5.4,21.1,NA,108.4,100.3,646,16.9,0.549,0.512,0.123,0.747,248,7.6,12.8,10.3,13.1,1.5,4.4,17.6,19.9,NA,1,1.1,2.1,0.13,NA,2.5,4.6,7.1,24,"http://www.sports-reference.com/cbb/schools/kentucky/2018.html","http://www.sports-reference.com/cbb/conferences/sec/2018.html",2018
2125,"Bonzie Colson",18.7,"SF","2014-15",12.1,2.1,3.5,2,3.3,0,0.2,1.4,1.9,0.8,1.8,2.7,0.4,0.6,0.7,0.4,1.3,5.6,NA,7.02,6.8,10.35,6.7,9.72,0.1,0.63,4.8,5.67,8.01,1.17,1.8,2.07,1.35,4.4,18.5,10.7,18.1,0.595,10.6,16.9,0.625,0.2,1.1,0.143,7.5,9.9,0.754,14,2.1,3.1,3.6,2.3,6.8,29.1,NA,130.6,96.3,386,28.7,0.639,0.599,0.063,0.55,169,9.6,17.5,13.9,6.6,3.1,5.8,9.1,22.2,NA,1.6,0.7,2.3,0.24,NA,5.2,3.6,8.7,32,"http://www.sports-reference.com/cbb/schools/notre-dame/2015.html","http://www.sports-reference.com/cbb/conferences/acc/2015.html",2015
2125,"Bonzie Colson",18.7,"SF","2015-16",25.3,4.2,7.8,4.1,7.5,0.1,0.3,2.7,3.4,2.4,4.3,6.7,0.9,0.9,1,1,2.4,11.1,NA,9.57,6.6,11.16,6.4,10.71,0.2,0.45,4.2,4.95,9.45,1.35,1.26,1.44,1.44,3.8,17.6,10.2,19.1,0.532,9.9,18.3,0.541,0.3,0.8,0.333,6.5,8.4,0.774,16.2,2.3,2.1,2.4,2.4,5.8,27.1,NA,125.4,105.1,910,25.7,0.587,0.539,0.043,0.44,399,11.7,18.8,15.4,7.4,2.1,4,9.6,22,NA,3.2,1.1,4.2,0.187,NA,4.5,2.8,7.3,36,"http://www.sports-reference.com/cbb/schools/notre-dame/2016.html","http://www.sports-reference.com/cbb/conferences/acc/2016.html",2016
2125,"Bonzie Colson",18.7,"SF","2016-17",32.1,6.6,12.5,5.8,10.8,0.7,1.7,3.9,5,2.9,7.2,10.1,1.6,1.1,1.4,1.2,2.3,17.8,NA,9.78,8.2,13.95,7.3,12.15,0.9,1.89,4.9,5.58,11.25,1.71,1.26,1.53,1.35,2.8,22.1,12,22.9,0.526,10.7,19.8,0.54,1.3,3.1,0.433,7.2,9.2,0.783,18.5,2.9,2,2.6,2.2,4.1,32.6,NA,126,97.1,1156,30.2,0.598,0.555,0.134,0.401,614,10.7,25.4,18.2,10.2,2,4.5,7.6,26.1,NA,4.8,2.2,7,0.241,NA,5.8,4.4,10.2,36,"http://www.sports-reference.com/cbb/schools/notre-dame/2017.html","http://www.sports-reference.com/cbb/conferences/acc/2017.html",2017
2125,"Bonzie Colson",18.7,"SF","2017-18",33.6,8.1,15.4,7.3,12.8,0.8,2.6,4.4,5.6,2.3,8.1,10.4,1.1,2,2.4,1.9,1.8,21.4,NA,6.38,9.6,16.47,8.7,13.68,0.9,2.79,5.3,5.94,11.07,1.26,2.16,2.52,1.98,2.1,25.4,14.4,27.4,0.526,13,22.9,0.57,1.4,4.6,0.306,7.9,10,0.795,18.5,2,3.6,4.2,3.3,3.2,38.2,NA,119.4,89.5,470,34.2,0.593,0.551,0.167,0.363,261,8,26.8,17.7,8.2,3.6,7.6,9.4,30.5,NA,1.7,1.3,3,0.255,NA,4.2,5.8,10,14,"http://www.sports-reference.com/cbb/schools/notre-dame/2018.html","http://www.sports-reference.com/cbb/conferences/acc/2018.html",2018
2126,"Kevin Hervey",20.1,"C","2014-15",21.7,2.5,6.8,1.6,3.2,0.9,3.6,1.1,1.6,1.9,4.1,6,0.7,0.6,0.3,1.4,2,7.1,NA,-2.76,4.6,11.34,2.9,5.31,1.7,6.03,2.1,2.61,9.9,1.26,0.99,0.45,2.25,3.7,13.1,6.6,17.9,0.368,4.1,8.5,0.49,2.5,9.5,0.259,3,4.1,0.714,15.7,1.9,1.6,0.7,3.6,5.3,18.6,NA,97.3,99.7,673,13.4,0.468,0.436,0.528,0.231,224,10,19.8,15.1,6.7,1.6,1.4,15.1,20.1,NA,0.5,1,1.5,0.088,NA,-1.1,-0.7,-1.8,31,"http://www.sports-reference.com/cbb/schools/texas-arlington/2015.html","http://www.sports-reference.com/cbb/conferences/sun-belt/2015.html",2015
2126,"Kevin Hervey",20.1,"C","2015-16",29.8,6.4,14.1,4.5,8.3,1.9,5.8,3.5,4.6,2.3,7.5,9.8,2.9,0.7,0.8,2.4,1.7,18.1,NA,-3.42,8.6,17.01,6.1,9.99,2.5,7.02,4.7,5.58,11.79,3.51,0.81,0.99,2.88,2.3,24.4,11.8,25.9,0.453,8.3,15.2,0.545,3.5,10.7,0.323,6.5,8.5,0.757,18,5.3,1.3,1.5,4.4,3.1,33.4,NA,114.2,91.2,476,25.6,0.557,0.52,0.413,0.329,267,7.6,26.1,16.8,20.9,1.3,3.3,12.7,28.6,NA,1.4,1.2,2.6,0.216,NA,4.1,2.7,6.8,16,"http://www.sports-reference.com/cbb/schools/texas-arlington/2016.html","http://www.sports-reference.com/cbb/conferences/sun-belt/2016.html",2016
2126,"Kevin Hervey",20.1,"C","2016-17",27.8,5.9,12.9,4,7.3,1.9,5.7,3.2,4.3,1.4,7.1,8.5,2.1,1.2,0.4,1.9,1.9,17.1,NA,-0.87,8.6,16.74,5.8,9.45,2.8,7.29,4.6,5.58,11.07,2.7,1.62,0.54,2.43,2.7,24.5,12,26.1,0.459,8.1,14.7,0.549,3.9,11.4,0.343,6.5,8.6,0.753,17.2,4.3,2.5,0.8,3.8,3.7,34.4,NA,115.6,92,973,26.6,0.569,0.534,0.437,0.331,544,5.6,27.3,16.7,15.8,2.5,1.8,11.2,29.2,NA,3.1,2.3,5.4,0.222,NA,4.2,2.2,6.4,35,"http://www.sports-reference.com/cbb/schools/texas-arlington/2017.html","http://www.sports-reference.com/cbb/conferences/sun-belt/2017.html",2017
2126,"Kevin Hervey",20.1,"C","2017-18",32,7.7,16.8,5.4,10.1,2.3,6.7,3.1,4,2.3,6.5,8.8,2.1,1.3,0.5,2.7,1.9,20.7,NA,-1.46,9.6,18.81,6.7,11.34,2.9,7.47,3.8,4.5,9.9,2.43,1.53,0.54,3.06,2.4,25.9,12.7,27.8,0.458,8.9,16.8,0.533,3.8,11.1,0.344,5.1,6.7,0.763,14.6,3.5,2.2,0.8,4.5,3.2,34.4,NA,109,95,769,23.8,0.555,0.526,0.398,0.241,453,8,20.9,14.6,14.6,2.2,1.9,12.7,30.9,NA,1.8,1.7,3.5,0.181,NA,3.2,0.9,4.1,24,"http://www.sports-reference.com/cbb/schools/texas-arlington/2018.html","http://www.sports-reference.com/cbb/conferences/sun-belt/2018.html",2018
2127,"Alize Johnson",19.3,"PF","2016-17",30.2,5.1,10.5,3.9,7.4,1.2,3.1,3.3,4.9,3.3,7.3,10.6,1.9,0.6,0.2,2.3,2.5,14.8,NA,1.18,6.8,12.51,5.2,8.73,1.6,3.69,4.4,5.85,12.69,2.25,0.72,0.18,2.7,3.3,19.5,10.2,20.9,0.488,7.8,14.7,0.531,2.4,6.2,0.388,6.6,9.7,0.677,21.2,3.8,1.2,0.4,4.6,5,29.4,NA,116.3,100.9,997,24.7,0.576,0.546,0.298,0.465,495,13.1,29.4,21.2,13.9,1.2,0.7,15.2,25.8,NA,3.1,1.5,4.6,0.185,NA,4.2,0.3,4.5,33,"http://www.sports-reference.com/cbb/schools/missouri-state/2017.html","http://www.sports-reference.com/cbb/conferences/mvc/2017.html",2017
2127,"Alize Johnson",19.3,"PF","2017-18",29.8,5.5,12.4,4,7.7,1.4,4.7,3.4,4.6,3.1,8.2,11.3,2.3,0.5,0.5,2.1,2,15.8,NA,0.27,7.3,15.03,5.4,9.27,1.9,5.67,4.6,5.49,13.59,2.79,0.63,0.63,2.52,2.6,21.2,11,25,0.44,8.1,15.5,0.525,2.9,9.5,0.301,6.9,9.2,0.748,22.7,4.7,1.1,1,4.3,3.9,31.7,NA,113.8,93.9,775,26.1,0.54,0.497,0.381,0.368,413,11.8,29.6,20.9,17,1.1,1.9,12.7,28.6,NA,2.3,1.7,4,0.209,NA,4.7,1.4,6,26,"http://www.sports-reference.com/cbb/schools/missouri-state/2018.html","http://www.sports-reference.com/cbb/conferences/mvc/2018.html",2018
2128,"Allonzo Trier",19.2,"SF","2015-16",28,4.5,9.7,3,5.6,1.5,4.1,4.3,5.4,0.4,2.9,3.3,1.1,0.5,0.2,1.9,1.9,14.8,NA,7.23,6.4,12.42,4.3,7.2,2.1,5.22,6.1,6.93,4.23,1.44,0.63,0.27,2.43,2.7,21.1,9.2,19.8,0.466,6.2,11.5,0.539,3,8.3,0.364,8.7,11,0.793,6.7,2.3,1.1,0.5,3.9,3.9,30.2,NA,116.7,101.3,757,18.7,0.603,0.542,0.42,0.553,348,2,10.9,6.7,7.6,1.1,0.8,13.6,24.9,NA,2.1,1.1,3.2,0.17,NA,4.6,1,5.6,27,"http://www.sports-reference.com/cbb/schools/arizona/2016.html","http://www.sports-reference.com/cbb/conferences/pac-12/2016.html",2016
2128,"Allonzo Trier",19.2,"SF","2016-17",31.9,5.1,11,3.2,6.2,1.9,4.8,5.2,6.4,0.3,5.1,5.3,2.7,0.4,0.1,1.7,1.8,17.2,NA,7.63,6.3,12.42,4,6.93,2.4,5.49,6.5,7.29,6.03,2.97,0.45,0.09,1.98,2.2,21.6,9.4,20.5,0.46,5.9,11.5,0.514,3.5,9,0.391,9.7,12,0.81,9.9,5,0.7,0.2,3.2,3.3,32,NA,125.3,101.3,575,23.1,0.612,0.545,0.439,0.586,285,1.1,17.8,10,16.6,0.7,0.4,10.9,25.6,NA,2.2,0.9,3.1,0.214,NA,6.6,1.4,8,18,"http://www.sports-reference.com/cbb/schools/arizona/2017.html","http://www.sports-reference.com/cbb/conferences/pac-12/2017.html",2017
2128,"Allonzo Trier",19.2,"SF","2017-18",33.7,6.1,11.4,3.8,5.8,2.3,5.5,5.4,6.3,0.4,2.6,3,3.2,0.6,0.5,2.3,1.8,19.9,NA,6.3,7.3,12.15,4.6,6.21,2.7,5.94,6.4,6.75,3.24,3.42,0.63,0.45,2.43,2.1,23.7,10.4,19.4,0.538,6.5,9.9,0.657,3.9,9.4,0.414,9.2,10.7,0.854,5.2,5.4,1,0.8,3.9,3.1,34,NA,132.7,108,808,25.2,0.693,0.639,0.487,0.553,437,1.7,8.9,5.6,17.2,1,1.4,13.8,25.1,NA,3.7,0.8,4.5,0.221,NA,9.5,-0.4,9.1,24,"http://www.sports-reference.com/cbb/schools/arizona/2018.html","http://www.sports-reference.com/cbb/conferences/pac-12/2018.html",2018
2129,"Lagerald Vick",20,"SF","2015-16",4.8,0.7,1.3,0.3,0.4,0.4,0.9,0.2,0.3,0.1,0.2,0.3,0.4,0.2,0.1,0.3,0.3,2.1,NA,11.22,6.2,9.9,2.6,3.15,3.5,6.75,1.3,2.34,1.98,3.15,1.17,0.36,2.34,2.6,17.1,8.8,15.8,0.56,3.8,5,0.75,5,10.7,0.471,1.9,3.8,0.5,3.2,5,1.9,0.6,3.8,3.8,24.6,NA,121,101.9,91,18,0.7,0.72,0.68,0.24,34,1.4,4.7,3.2,15.8,1.9,1.1,17.5,18.8,NA,0.2,0.1,0.4,0.16,NA,6.1,0.7,6.8,19,"http://www.sports-reference.com/cbb/schools/kansas/2016.html","http://www.sports-reference.com/cbb/conferences/big-12/2016.html",2016
2129,"Lagerald Vick",20,"SF","2016-17",24.4,2.7,6.1,1.8,3.5,0.9,2.6,1.1,1.3,1,2.5,3.5,0.9,0.6,0.4,1.1,1.6,7.4,NA,12.23,4.4,9,2.9,5.22,1.5,3.78,1.7,1.89,5.22,1.35,0.9,0.63,1.62,2.6,12.1,6.2,14,0.443,4,8.1,0.496,2.2,5.9,0.37,2.4,2.9,0.826,8.1,2.2,1.3,1,2.5,3.7,17,NA,110.7,103.8,878,12.4,0.552,0.521,0.42,0.21,254,4.8,11,8,6.2,1.3,1.7,14.2,15.4,NA,1.2,1.1,2.3,0.105,NA,2.7,2.6,5.4,36,"http://www.sports-reference.com/cbb/schools/kansas/2017.html","http://www.sports-reference.com/cbb/conferences/big-12/2017.html",2017
2129,"Lagerald Vick",20,"SF","2017-18",32.7,5.1,10.4,3.6,6.4,1.5,4,1,1.5,1,4.1,5.1,2.6,0.9,0.3,1.8,2.2,12.8,NA,10.2,6.3,11.43,4.4,7.02,1.9,4.41,1.3,1.71,5.67,2.88,0.99,0.36,1.89,2.7,15.7,8.8,17.8,0.494,6.2,10.9,0.562,2.6,6.9,0.385,1.8,2.6,0.676,8.8,4.4,1.6,0.6,3,3.7,22,NA,113.4,101.5,784,16.4,0.578,0.568,0.386,0.149,297,3.6,13.1,8.7,13.1,1.6,1.1,13.6,19.4,NA,1.5,1.2,2.7,0.139,NA,3.6,2.9,6.5,24,"http://www.sports-reference.com/cbb/schools/kansas/2018.html","http://www.sports-reference.com/cbb/conferences/big-12/2018.html",2018
2130,"Tony Carr",21.9,"PF","2016-17",32.8,4.3,11.3,3.3,8.2,1,3.1,3.7,4.8,0.7,4.1,4.8,4.2,0.7,0.3,2.6,2.2,13.2,NA,8.9,5.2,12.42,4,9,1.2,3.42,4.5,5.22,5.22,4.59,0.72,0.27,2.88,2.7,16.1,7.3,19.3,0.377,5.6,14,0.399,1.7,5.3,0.32,6.2,8.1,0.771,8.2,7.2,1.1,0.5,4.4,3.8,22.5,NA,98.4,104.1,1084,14,0.486,0.421,0.275,0.42,457,2.2,14.1,8.1,26.1,1.1,0.9,16.1,24.3,NA,0.9,1.4,2.2,0.083,NA,0.7,1.1,1.8,33,"http://www.sports-reference.com/cbb/schools/penn-state/2017.html","http://www.sports-reference.com/cbb/conferences/big-ten/2017.html",2017
2130,"Tony Carr",21.9,"PF","2017-18",34.2,6.5,15.8,4.3,10.8,2.3,5,4,4.7,0.8,3.6,4.5,4.9,0.9,0.1,2.4,2,19.3,NA,4.81,7.6,16.56,5,11.34,2.7,5.22,4.6,4.95,4.68,5.13,0.99,0.09,2.52,2.3,22.6,11,26.4,0.415,7.1,18.1,0.394,3.8,8.3,0.462,6.6,7.9,0.841,7.5,8.2,1.5,0.2,4,3.4,32.4,NA,114.4,100.5,821,22,0.537,0.488,0.315,0.299,470,2.9,12.3,7.6,28.4,1.5,0.4,11.7,29.6,NA,2.6,1.3,3.9,0.19,NA,5,0.2,5.2,24,"http://www.sports-reference.com/cbb/schools/penn-state/2018.html","http://www.sports-reference.com/cbb/conferences/big-ten/2018.html",2018
2131,"Sviatoslav Mykhailiuk",21.5,"SF","2014-15",11.2,1,3.3,0.4,1.3,0.6,2,0.2,0.2,0.3,0.9,1.2,0.7,0.3,0,0.6,0.7,2.8,NA,12.13,3.6,10.53,1.5,4.05,2.1,6.39,0.7,0.72,3.87,2.07,0.99,0.09,1.89,2.3,9.9,5.4,17.5,0.306,2.3,6.8,0.333,3.1,10.7,0.288,1,1.2,0.833,6.4,3.5,1.6,0.2,3.1,3.5,14.8,NA,88.7,102.8,291,7.2,0.41,0.394,0.612,0.071,72,3.3,8.3,5.9,11.4,1.6,0.4,14.6,18,NA,0,0.4,0.3,0.045,NA,0.5,1,1.5,26,"http://www.sports-reference.com/cbb/schools/kansas/2015.html","http://www.sports-reference.com/cbb/conferences/big-12/2015.html",2015
2131,"Sviatoslav Mykhailiuk",21.5,"SF","2015-16",12.8,1.9,4.3,0.9,1.6,1.1,2.6,0.5,0.7,0.3,1,1.3,0.9,0.3,0.1,0.7,1.2,5.4,NA,11.22,6,11.97,2.7,4.59,3.3,7.38,1.5,1.98,3.78,2.61,0.99,0.36,2.07,3.7,16.7,8.6,19,0.45,3.8,7.3,0.526,4.7,11.7,0.402,2.2,3.2,0.68,6,4.1,1.5,0.6,3.3,5.4,24,NA,113.4,101,449,15.7,0.584,0.574,0.617,0.168,173,3.3,8.3,6,12.7,1.5,1.2,13.9,20.8,NA,0.9,0.7,1.6,0.144,NA,4.8,1.5,6.4,35,"http://www.sports-reference.com/cbb/schools/kansas/2016.html","http://www.sports-reference.com/cbb/conferences/big-12/2016.html",2016
2131,"Sviatoslav Mykhailiuk",21.5,"SF","2016-17",27.3,3.4,7.8,1.5,2.9,1.9,4.9,0.9,1.3,0.8,2.2,3,1.3,0.9,0.3,1.1,2,9.8,NA,12.23,5,10.26,2.2,3.78,2.8,6.48,1.3,1.71,3.96,1.71,1.17,0.36,1.44,2.9,14.3,7.1,15.9,0.443,3.1,5.9,0.519,4,10,0.398,1.9,2.7,0.702,6.2,2.6,1.8,0.5,2.3,4,20,NA,116.7,104.3,984,14.1,0.581,0.568,0.629,0.168,317,3.4,8.6,6.1,7.7,1.8,0.9,11.7,16.7,NA,1.9,1.2,3.1,0.124,NA,5.1,2,7.1,36,"http://www.sports-reference.com/cbb/schools/kansas/2017.html","http://www.sports-reference.com/cbb/conferences/big-12/2017.html",2017
2131,"Sviatoslav Mykhailiuk",21.5,"SF","2017-18",34.3,6,13.3,2.6,6,3.4,7.3,1.1,1.5,1,3.1,4.1,2.8,1.1,0.4,1.7,2.3,16.4,NA,10.2,7,13.95,3,6.3,3.9,7.65,1.3,1.53,4.32,2.97,1.17,0.36,1.8,2.7,19.1,9.7,21.7,0.45,4.2,9.7,0.434,5.5,11.9,0.463,1.8,2.4,0.743,6.7,4.6,1.8,0.6,2.8,3.7,26.8,NA,117.3,102.9,823,18.7,0.587,0.577,0.55,0.11,364,3.5,9.3,6.6,13.9,1.8,1.2,10.9,22.5,NA,2.1,1.2,3.3,0.16,NA,5.8,1.9,7.8,24,"http://www.sports-reference.com/cbb/schools/kansas/2018.html","http://www.sports-reference.com/cbb/conferences/big-12/2018.html",2018
2132,"Ethan Happ",18.1,"SF","2015-16",28.1,4.7,8.7,4.7,8.7,0,0,3.1,4.8,2.5,5.4,7.9,1.3,1.8,0.9,2.2,3,12.4,NA,9.4,6.6,11.07,6.6,11.07,0,0,4.4,6.12,10.17,1.62,2.34,1.17,2.79,4.3,17.7,10.4,19.3,0.538,10.4,19.3,0.538,0,0,NA,6.9,10.7,0.643,17.7,2.8,4,2,4.8,6.7,27.6,NA,109.2,90.7,982,25,0.567,0.538,0,0.554,423,10.5,23.8,17,10.9,4,3.5,16.6,24.9,NA,2.1,2.5,4.5,0.185,NA,2.4,6.8,9.2,35,"http://www.sports-reference.com/cbb/schools/wisconsin/2016.html","http://www.sports-reference.com/cbb/conferences/big-ten/2016.html",2016
2132,"Ethan Happ",18.1,"SF","2016-17",27.9,5.9,10.1,5.9,10.1,0,0,2.2,4.4,3.2,5.8,9,2.8,1.8,1.2,2.2,2.8,14,NA,9.4,8.4,12.96,8.4,12.96,0,0,3.1,5.67,11.61,3.6,2.34,1.53,2.79,3.9,20,13.1,22.3,0.586,13.1,22.3,0.586,0,0,NA,4.9,9.7,0.5,19.9,6.2,4,2.6,4.8,6.1,31,NA,116.5,86.5,1033,31.5,0.576,0.586,0,0.435,534,13.3,25.2,19.1,23.3,4,4.7,15.2,26.6,NA,3.4,3,6.4,0.249,NA,6.5,9.3,15.8,37,"http://www.sports-reference.com/cbb/schools/wisconsin/2017.html","http://www.sports-reference.com/cbb/conferences/big-ten/2017.html",2017
2132,"Ethan Happ",18.1,"SF","2017-18",30.1,7.1,13.3,7.1,12.9,0,0.4,3.1,5.6,2.5,5.9,8.4,3.8,1.4,0.9,2.9,2.5,17.4,NA,7.68,9.5,15.93,9.4,15.39,0.1,0.45,4.1,6.75,10.08,4.59,1.62,1.08,3.51,3.3,23.1,14.7,27.4,0.536,14.6,26.6,0.55,0.1,0.8,0.1,6.4,11.6,0.553,17.4,7.9,2.8,1.8,6,5.1,35.9,NA,108.6,98.1,752,29.3,0.545,0.538,0.03,0.425,450,10.5,26.5,18.2,34.6,2.8,3.1,15.5,34,NA,2.1,1.4,3.5,0.185,NA,5.7,5.9,11.6,25,"http://www.sports-reference.com/cbb/schools/wisconsin/2018.html","http://www.sports-reference.com/cbb/conferences/big-ten/2018.html",2018
2133,"Vince Edwards",21.7,"PF","2014-15",26.9,3.3,6.9,2.5,4.2,0.9,2.7,1.2,1.6,1.9,2.9,4.8,2.7,0.4,0.4,1.5,2.2,8.8,NA,7.64,4.9,9.27,3.6,5.67,1.3,3.6,1.8,2.07,6.48,3.6,0.45,0.54,1.98,3.3,13,7.6,15.8,0.482,5.6,9.6,0.583,2,6.2,0.326,2.8,3.6,0.788,11,6.2,0.8,0.9,3.5,5.1,20.1,NA,117.7,103.1,889,17.4,0.574,0.546,0.39,0.228,308,8.8,12.1,10.5,21.2,0.8,1.5,16.5,17.7,NA,2.2,1.1,3.2,0.145,NA,5,2.1,7.1,33,"http://www.sports-reference.com/cbb/schools/purdue/2015.html","http://www.sports-reference.com/cbb/conferences/big-ten/2015.html",2015
2133,"Vince Edwards",21.7,"PF","2015-16",27.5,4,8.8,2.7,5.6,1.3,3.2,2.1,2.5,1.8,3.5,5.4,2.9,0.5,0.3,1.7,2.2,11.3,NA,7.46,5.8,11.61,3.9,7.38,1.9,4.23,3,3.33,7.02,3.78,0.72,0.45,2.16,3.2,16.5,8.5,19,0.45,5.7,12,0.474,2.8,6.9,0.407,4.5,5.5,0.82,11.5,6.1,1.2,0.7,3.6,4.8,24.4,NA,118.2,98.4,961,19.1,0.565,0.524,0.366,0.288,408,8.1,13.5,11,19.5,1.2,1.1,14.2,21.5,NA,2.6,1.7,4.3,0.18,NA,5.5,3.8,9.2,35,"http://www.sports-reference.com/cbb/schools/purdue/2016.html","http://www.sports-reference.com/cbb/conferences/big-ten/2016.html",2016
2133,"Vince Edwards",21.7,"PF","2016-17",28.6,4.6,9.4,3.2,6.2,1.3,3.2,2.1,2.5,1.9,3.1,4.9,3.2,0.6,0.5,1.7,1.8,12.6,NA,8.79,6.4,11.79,4.5,7.83,1.9,3.96,2.9,3.24,6.21,4.05,0.72,0.72,2.07,2.6,17.6,9.1,18.8,0.486,6.4,12.4,0.518,2.7,6.3,0.423,4.2,5.1,0.82,9.9,6.4,1.1,1.1,3.3,3.7,25.1,NA,121.9,100,1001,20.6,0.593,0.558,0.337,0.271,456,8.4,11.7,10.1,21,1.1,1.8,13.5,21.5,NA,3.1,1.6,4.8,0.19,NA,6.1,3.6,9.7,35,"http://www.sports-reference.com/cbb/schools/purdue/2017.html","http://www.sports-reference.com/cbb/conferences/big-ten/2017.html",2017
2133,"Vince Edwards",21.7,"PF","2017-18",31.3,5.3,11,3.7,7.3,1.6,3.7,3.2,3.7,2.3,5.6,7.8,3,0.5,0.6,2,1.8,15.3,NA,6.94,6.8,12.6,4.8,8.37,2,4.32,4,4.32,9,3.42,0.63,0.72,2.34,2.3,19.6,9.8,20.3,0.483,6.9,13.4,0.513,2.9,6.9,0.423,5.8,6.9,0.845,14.5,5.5,1,1.1,3.7,3.3,28.3,NA,122.5,94.2,815,23.3,0.601,0.554,0.339,0.339,413,9.4,19,14.7,17.5,1,2,13.5,24.1,NA,2.9,1.8,4.7,0.23,NA,6.1,3.7,9.8,26,"http://www.sports-reference.com/cbb/schools/purdue/2018.html","http://www.sports-reference.com/cbb/conferences/big-ten/2018.html",2018
2134,"Terence Davis",21.9,"SG","2015-16",6.6,0.7,1.5,0.5,1,0.2,0.6,0.4,1,0.3,0.6,0.9,0.3,0.4,0.1,0.3,1.1,1.8,NA,4.81,3.9,8.19,3,5.22,0.9,2.97,2.1,5.22,4.95,1.62,1.89,0.54,1.35,6.7,10.9,5.6,13,0.433,4.3,8.2,0.526,1.3,4.8,0.273,3,8.2,0.368,7.8,2.6,3,0.9,2.2,9.5,15.6,NA,98.8,102.5,132,10.6,0.461,0.483,0.367,0.633,35,4.8,10,7.3,8.8,3,1.7,11.4,16.1,NA,0.1,0.2,0.3,0.078,NA,-0.9,1.4,0.5,20,"http://www.sports-reference.com/cbb/schools/mississippi/2016.html","http://www.sports-reference.com/cbb/conferences/sec/2016.html",2016
2134,"Terence Davis",21.9,"SG","2016-17",25.3,5.6,11.5,4.2,7.4,1.4,4.1,2.4,3.3,1.4,3.9,5.3,1.8,1.4,0.5,2.1,3.2,14.9,NA,7.99,8.8,16.38,6.6,10.62,2.2,5.85,3.8,4.68,7.47,2.52,1.98,0.72,2.88,5,23.5,12,24.8,0.482,9,16,0.563,2.9,8.8,0.333,5.1,7.1,0.723,11.4,3.8,3,1.1,4.4,6.8,32,NA,111.6,101.1,911,23.1,0.567,0.541,0.354,0.287,487,6,16.1,11.1,16.8,3,2.2,13.6,27.9,NA,2.3,1.4,3.7,0.163,NA,5.2,2.4,7.7,36,"http://www.sports-reference.com/cbb/schools/mississippi/2017.html","http://www.sports-reference.com/cbb/conferences/sec/2017.html",2017
2134,"Terence Davis",21.9,"SG","2017-18",26.3,4.9,11.7,2.8,5.8,2,6,2,2.8,1.3,4.8,6.1,2.1,0.8,1,2.4,2.8,13.8,NA,8.29,7.4,16.02,4.3,7.83,3.1,8.19,3.1,3.78,8.28,2.88,1.08,1.44,3.24,4.3,21,10.5,25.3,0.416,6.1,12.4,0.493,4.4,12.9,0.343,4.4,6,0.731,13.2,4.6,1.7,2.3,5.1,6.1,29.9,NA,102.4,105.4,632,19.2,0.531,0.504,0.509,0.238,309,5.4,19.6,12.4,17.3,1.7,4.4,15.4,28.7,NA,0.9,0.7,1.6,0.103,NA,3,1.8,4.8,24,"http://www.sports-reference.com/cbb/schools/mississippi/2018.html","http://www.sports-reference.com/cbb/conferences/sec/2018.html",2018
2135,"Jalen Brunson",20.9,"SF","2015-16",24,3.2,7,1.9,3.8,1.2,3.2,2.1,2.7,0.5,1.3,1.8,2.5,0.7,0,1.8,1.8,9.6,NA,9.71,5.3,10.44,3.2,5.67,2,4.77,3.4,3.96,2.61,3.78,1.08,0,2.7,3,16,7.8,17.3,0.452,4.8,9.4,0.51,3,7.9,0.383,5.1,6.6,0.774,4.3,6.2,1.7,0,4.5,4.5,23.7,NA,110,100.8,959,15.3,0.581,0.539,0.459,0.38,384,2.4,6,4.3,19.1,1.7,0,17.9,22,NA,1.8,1.5,3.4,0.14,NA,3.5,1.2,4.7,40,"http://www.sports-reference.com/cbb/schools/villanova/2016.html","http://www.sports-reference.com/cbb/conferences/big-east/2016.html",2016
2135,"Jalen Brunson",20.9,"SF","2016-17",31.1,5.1,9.4,3.9,6.3,1.2,3.1,3.3,3.8,0.5,2.1,2.6,4.1,0.9,0,2.1,1.6,14.7,NA,9.28,6.5,10.89,5,7.29,1.5,3.6,4.3,4.41,2.97,4.77,0.99,0,2.34,2.1,18.9,10,18.4,0.541,7.7,12.4,0.621,2.3,6,0.378,6.5,7.5,0.876,5.1,8.1,1.7,0,4,3.2,28.8,NA,128.4,101.5,1118,23.3,0.655,0.604,0.328,0.405,541,2.1,7.9,5.3,26.1,1.7,0,15.5,23,NA,4.6,1.7,6.2,0.223,NA,6.9,1.2,8.1,36,"http://www.sports-reference.com/cbb/schools/villanova/2017.html","http://www.sports-reference.com/cbb/conferences/big-east/2017.html",2017
2135,"Jalen Brunson",20.9,"SF","2017-18",31.3,7,12.8,4.5,7.4,2.5,5.4,3.4,4.3,0.4,2.8,3.1,4.9,0.8,0,1.5,1.8,19.8,NA,8.14,8.9,14.67,5.7,8.55,3.1,6.21,4.4,4.95,3.6,5.58,0.99,0,1.71,2.2,25.3,12.6,23.2,0.544,8.2,13.4,0.607,4.5,9.7,0.457,6.2,7.8,0.796,5.7,8.8,1.5,0,2.7,3.2,35.9,NA,139.4,105.1,752,29.1,0.667,0.64,0.42,0.336,464,1.5,9.9,5.9,27.9,1.5,0,9.2,25.9,NA,4.3,0.9,5.2,0.278,NA,10.6,0.1,10.8,24,"http://www.sports-reference.com/cbb/schools/villanova/2018.html","http://www.sports-reference.com/cbb/conferences/big-east/2018.html",2018
